-- phpMyAdmin SQL Dump
-- version 4.7.9
-- https://www.phpmyadmin.net/
--
-- Host: 127.0.0.1
-- Generation Time: Jul 23, 2018 at 05:56 AM
-- Server version: 10.1.31-MariaDB
-- PHP Version: 7.2.3

SET SQL_MODE = "NO_AUTO_VALUE_ON_ZERO";
SET AUTOCOMMIT = 0;
START TRANSACTION;
SET time_zone = "+00:00";


/*!40101 SET @OLD_CHARACTER_SET_CLIENT=@@CHARACTER_SET_CLIENT */;
/*!40101 SET @OLD_CHARACTER_SET_RESULTS=@@CHARACTER_SET_RESULTS */;
/*!40101 SET @OLD_COLLATION_CONNECTION=@@COLLATION_CONNECTION */;
/*!40101 SET NAMES utf8mb4 */;

--
-- Database: `tugasbesaratol`
--

-- --------------------------------------------------------

--
-- Table structure for table `admin`
--

CREATE TABLE `admin` (
  `NIP` varchar(18) NOT NULL,
  `nama` varchar(100) NOT NULL,
  `username` varchar(100) NOT NULL,
  `password` varchar(100) NOT NULL,
  `alamat` text NOT NULL,
  `jk` enum('L','P') NOT NULL DEFAULT 'L',
  `email` varchar(100) NOT NULL,
  `no_telp` varchar(13) NOT NULL,
  `level` enum('0','1') NOT NULL,
  `is_delete` enum('0','1') NOT NULL DEFAULT '0'
) ENGINE=InnoDB DEFAULT CHARSET=latin1;

--
-- Dumping data for table `admin`
--

INSERT INTO `admin` (`NIP`, `nama`, `username`, `password`, `alamat`, `jk`, `email`, `no_telp`, `level`, `is_delete`) VALUES
('10101', 'superadmin', 'superadmin', '889a3a791b3875cfae413574b53da4bb8a90d53e', 'admin', 'L', 'admin', '099', '0', '0'),
('10116270', 'Indra', 'Indra', '38c99f297b391d759581f95ba561d346dfa24227', 'KABUPATEN BANDUNG', 'L', 'indra17@gmail.com', '081215867094', '1', '0'),
('10116271', 'Rido', 'Rido', '7b2348dde41f8c8c0213a5661cb628265af7dbe1', 'KABUPATEN BANDUNG BARAT', 'L', 'Rido1290763@gmail.com', '081215867077', '1', '0'),
('10116272', 'Anggi', 'Anggi', 'b4f32017ec28d8e800dc7ca542f3f4560bc8ea33', 'KOTA BANDUNG', 'P', 'Anggi1290763@gmail.com', '081215867034', '1', '0'),
('10116273', 'Natasya', 'Natasya', 'c1ce14b5de38d011803583bdf48326074c43e990', 'KOTA CIMAHI', 'P', 'Natasya1290763@gmail.com', '081215867017', '1', '0'),
('734720934723974', 'Aatyatauti', 'asasdasdasdas', '8c684096fca0274ecaae2dbc07918ca3be2844d2990e9db5d2541248077644e6c71e6944c5f96f078168572b2a34310319c4', '10202010', 'L', 'bob@gmail.com', '213231231231', '1', '1');

-- --------------------------------------------------------

--
-- Table structure for table `fasilitas`
--

CREATE TABLE `fasilitas` (
  `id_fasilitas` int(11) NOT NULL,
  `nama_fasilitas` varchar(255) DEFAULT NULL,
  `harga_fasilitas` int(11) DEFAULT NULL,
  `id_wisata` varchar(255) NOT NULL,
  `is_delete` enum('0','1') NOT NULL
) ENGINE=InnoDB DEFAULT CHARSET=latin1;

--
-- Dumping data for table `fasilitas`
--

INSERT INTO `fasilitas` (`id_fasilitas`, `nama_fasilitas`, `harga_fasilitas`, `id_wisata`, `is_delete`) VALUES
(100, 'parkiran motor_12', 50001, 'WST-0001', '0'),
(101, 'parkiran mobil', 10000, 'WST-0001', '0'),
(102, 'penginapan', 2000000, 'WST-0002', '1'),
(103, 'penjara', 30000, 'WST-0003', '1'),
(104, 'rog', 1000000, 'WST-0004', '1'),
(105, 'r', 1020, '4', '0'),
(106, 'r', 1010101, '21', '0'),
(107, 'k', 1, '90', '0'),
(108, 'R', 9, '14', '0'),
(109, 'percobaan 1', 20, 'WST-0005', '0'),
(110, 'percobaan 2_1', 10000, 'WST-0006', '0'),
(111, 'percobaan 2_2', 20000, 'WST-0006', '0'),
(112, 'percobaan 2_3', 30000, 'WST-0006', '0'),
(113, 'asdsadsa', 0, 'WST-0007', '0'),
(114, '4', 4, 'WST-0008', '0'),
(115, '5', 5, 'WST-0009', '0'),
(116, '222', 1, 'WST-0010', '0'),
(117, '133333', 2222, 'WST-0010', '0'),
(118, 'percobaan 7', 7, 'WST-0011', '0'),
(119, 'percobaan 7', 8, 'WST-0012', '0'),
(120, 'percobaan 9', 9, 'WST-0013', '0'),
(121, 'percobaan 10', 10, 'WST-0014', '0'),
(122, 'percobaan 11', 11, 'WST-0015', '0'),
(123, 'percobaan 121', 4, 'WST-0016', '0'),
(124, 'percobaan 12', 2, 'WST-0016', '0'),
(125, 'percobaan 13', 13, 'WST-0017', '0'),
(126, 'percobaan 14', 14, 'WST-0018', '0'),
(127, 'percobaan 19', 19, 'WST-0019', '0'),
(128, 'percobaan 20', 2, 'WST-0020', '0'),
(129, 'percobaan 21', 2, 'WST-0021', '0'),
(130, 'percobaan 22', 22, 'WST-0022', '0'),
(131, 'percobaan 23', 23, 'WST-0023', '0'),
(132, 'percobaan 24_2', 241, 'WST-0024', '0'),
(133, 'percobaan 24_1', 242, 'WST-0024', '0'),
(134, 'percobaan 24_3', 243, 'WST-0024', '0'),
(135, 'percobaan 25', 25, 'WST-0025', '0'),
(136, 'valdiasi 1', 1, 'WST-0026', '0'),
(137, 'valdiasi 2', 2, 'WST-0027', '0'),
(138, 'jAGUAR TENGGGGGGGGGGG', 400000, 'WST-0028', '0'),
(139, 'validas update 1', 1, 'WST-0029', '0'),
(140, 'validas2', 2, 'WST-0030', '1'),
(141, 'kwkwkwkwk1111', 1111111, 'WST-0031', '0'),
(142, 'kwkwkwkwk222222', 22222, 'WST-0031', '0'),
(143, 'kwkwkwkwk33333', 333333, 'WST-0031', '0'),
(144, 'kwkwkwkwk44444', 4444444, 'WST-0031', '0'),
(145, '', 0, 'WST-0031', '1'),
(146, '', 0, 'WST-0031', '1'),
(147, '', 0, 'WST-0031', '1'),
(148, 'kwkwkwkwk55555', 55555, 'WST-0031', '0'),
(149, 'jdaslkdaskdjdaslkdaskd111', 1111, 'WST-0032', '0'),
(150, 'jdaslkdaskd', 1, 'WST-0032', '0'),
(151, 'kwkwkwkwk555551112222', 141288, 'WST-0031', '1'),
(152, 'kwkwkwkwk77777777', 77777, 'WST-0031', '0'),
(153, 'kwkwkwkwk88888888', 88888, 'WST-0031', '0'),
(154, 'kwkwkwkwk9999999', 99999, 'WST-0031', '0'),
(155, 'kwkwkwkwk100000000', 10, 'WST-0031', '0'),
(156, 'Jaguarrrrr 2', 2, 'WST-0033', '0'),
(157, 'Jaguarrrrr 1', 1, 'WST-0033', '0'),
(158, 'yantoooo', 11111, 'WST-0034', '0'),
(159, 'userFile', 12, 'WST-0035', '0'),
(160, 'DALSKDNASLD', 10, 'WST-0036', '0'),
(161, 'rusuhhh', 3000, 'WST-0037', '0'),
(162, 'yantooo21314', 555555, 'WST-0038', '0'),
(163, 'monkey', 112121, 'WST-0039', '0'),
(164, 'penginapan n0', 0, 'WST-0040', '0'),
(165, 'uni', 312, 'WST-0041', '1'),
(166, '133123', 31231, 'WST-0042', '0'),
(167, 'jasjdlkajsdklas', 12, 'WST-0043', '0'),
(168, 'opopopop', 303033, 'WST-0044', '0'),
(169, 'basdat kau1', 111, 'WST-0045', '0'),
(170, 'percobaaaaaxxxxxx', 11111, 'WST-0046', '0'),
(171, 'Toilet', 20000, 'WST-0047', '1'),
(172, 'Jaguar', 100000, 'WST-0047', '1'),
(173, 'Ruang harry potter', 40000, 'WST-0047', '1'),
(174, 'Ruang harry potter', 40000, 'WST-0047', '1'),
(175, 'elevator', 0, 'WST-0047', '1'),
(176, 'Tangga Harry Potter', 50000, 'WST-0047', '1'),
(177, 'Lab unikom 1', 0, 'WST-0047', '1'),
(178, 'Lab unikom 1', 0, 'WST-0047', '1'),
(179, 'Lab unikom 2', 0, 'WST-0047', '1'),
(180, 'Lab unikom 1', 0, 'WST-0047', '1'),
(181, 'Lab unikom 2', 0, 'WST-0047', '1'),
(182, 'Lab unikom 3', 0, 'WST-0047', '1'),
(183, 'Lab unikom 1', 0, 'WST-0047', '1'),
(184, 'Lab unikom 2', 0, 'WST-0047', '1'),
(185, 'Lab unikom 3', 0, 'WST-0047', '1'),
(186, 'Lab unikom 4', 0, 'WST-0047', '1'),
(187, 'Lab rusuh 1', 1, 'WST-0047', '1'),
(188, 'Lab rusuh 1', 1, 'WST-0047', '1'),
(189, 'Lab rusuh 2', 1, 'WST-0047', '1'),
(190, 'lab ga rusuh 1', 1, 'WST-0047', '1'),
(191, 'lab ga rusuh 1', 1, 'WST-0047', '1'),
(192, 'lab ga rusuh 2', 2, 'WST-0047', '1'),
(193, 'lab ga rusuh 1', 1, 'WST-0047', '1'),
(194, 'lab ga rusuh 2', 2, 'WST-0047', '1'),
(195, 'lab ga rusuh 3', 3, 'WST-0047', '1'),
(196, 'Tenfggggggg', 4, 'WST-0047', '1'),
(197, 'tengggg part 2', 11, 'WST-0047', '1'),
(198, 'tebggggggggggggggggggggg', 11, 'WST-0047', '1'),
(199, 'tebggggggggggggggggggggg', 11, 'WST-0047', '1'),
(200, 'tebggggggggggggggggggggg', 11, 'WST-0047', '1'),
(201, 'tebggggggggggggggggggggg', 11, 'WST-0047', '1'),
(202, 'Tengggg hoho', 33, 'WST-0047', '1'),
(203, 'Tengggg hoho', 33, 'WST-0047', '1'),
(204, 'Tengggg hoho', 33, 'WST-0047', '1'),
(205, 'kkwkwkwkkwkwk', 909090, 'WST-0047', '1'),
(206, 'kkwkwkwkkwkwk', 909090, 'WST-0047', '1'),
(207, 'kkwkwkwkkwkwk', 909090, 'WST-0047', '1'),
(208, 'kkwkwkwkkwkwk', 909090, 'WST-0047', '1'),
(209, 'kkwkwkwkkwkwk', 909090, 'WST-0047', '1'),
(210, 'akuhhhhh', 44, 'WST-0047', '1'),
(211, 'penginapan n0', 2222, 'WST-0047', '1'),
(212, 'jaguarrrrrrr', 1111, 'WST-0047', '1'),
(213, 'gggrraahhhhhhhh', 123123, 'WST-0047', '1'),
(214, 'tenggggggggggggggg', 2222, 'WST-0047', '1'),
(215, 'errrrrrrrrrrrrrrrrrrrrr1', 4001, 'WST-0047', '0'),
(216, 'errrrrrrrrrrrrrrrrrrrrr1', 4001, 'WST-0047', '0'),
(217, 'errrrrrrrrrrrrrrrrrrrrr2', 4002, 'WST-0047', '0'),
(218, 'errrrrrrrrrrrrrrrrrrrrr1', 4001, 'WST-0047', '0'),
(219, 'errrrrrrrrrrrrrrrrrrrrr2', 4002, 'WST-0047', '0'),
(220, 'errrrrrrrrrrrrrrrrrrrrr3', 4003, 'WST-0047', '0'),
(221, 'errrrrrrrrrrrrrrrrrrrrr1', 4001, 'WST-0047', '0'),
(222, 'errrrrrrrrrrrrrrrrrrrrr2', 4002, 'WST-0047', '0'),
(223, 'errrrrrrrrrrrrrrrrrrrrr3', 4003, 'WST-0047', '0'),
(224, 'errrrrrrrrrrrrrrrrrrrrr4', 4004, 'WST-0047', '0'),
(225, 'bbrrahhhhhwkwkkwkwk1xxxx', 1, 'WST-0048', '0'),
(226, 'bbrrahhhhhwkwkkwkwk2xxxx', 2, 'WST-0048', '0'),
(227, 'bbrrahhhhhwkwkkwkwk3xxxx', 3, 'WST-0048', '0'),
(228, 'bbrrahhhhhwkwkkwkwk4xxxx', 4, 'WST-0048', '0'),
(229, 'bbrrahhhhhwkwkkwkwk4xxxx', 4, 'WST-0048', '0'),
(230, 'bbrrahhhhhwkwkkwkwk5xxxx', 5, 'WST-0048', '0'),
(231, 'bbrrahhhhhwkwkkwkwk4xxxx', 4, 'WST-0048', '0'),
(232, 'bbrrahhhhhwkwkkwkwk5xxxx', 5, 'WST-0048', '0'),
(233, 'bbrrahhhhhwkwkkwkwk6xxxx', 6, 'WST-0048', '0'),
(234, 'bbrrahhhhhwkwkkwkwk4xxxx', 4, 'WST-0048', '0'),
(235, 'bbrrahhhhhwkwkkwkwk5xxxx', 5, 'WST-0048', '0'),
(236, 'bbrrahhhhhwkwkkwkwk6xxxx', 6, 'WST-0048', '0'),
(237, 'bbrrahhhhhwkwkkwkwk7xxxx', 7, 'WST-0048', '0'),
(238, 'bbrrahhhhhwkwkkwkwk8xxxx', 8, 'WST-0048', '0'),
(239, 'bbrrahhhhhwkwkkwkwk9xxxx', 9, 'WST-0048', '0'),
(240, 'bbrrahhhhhwkwkkwkwk9xxxx', 9, 'WST-0048', '0'),
(241, 'bbrrahhhhhwkwkkwkwk10xxxx', 10, 'WST-0048', '0'),
(242, 'bbrrahhhhhwkwkkwkwk9xxxx', 9, 'WST-0048', '0'),
(243, 'bbrrahhhhhwkwkkwkwk10xxxx', 10, 'WST-0048', '0'),
(244, 'bbrrahhhhhwkwkkwkwk11xxxx', 11, 'WST-0048', '0'),
(245, 'bbrrahhhhhwkwkkwkwk12xxxx', 12, 'WST-0048', '0'),
(246, 'bbrrahhhhhwkwkkwkwk13xxxx', 13, 'WST-0048', '0'),
(247, 'bbrrahhhhhwkwkkwkwk14xxxx', 14, 'WST-0048', '0'),
(248, 'bbrrahhhhhwkwkkwkwk15xxxx', 15, 'WST-0048', '0'),
(249, 'bbrrahhhhhwkwkkwkwk16xxxx', 16, 'WST-0048', '0'),
(250, 'bbrrahhhhhwkwkkwkwk16xxxx', 16, 'WST-0048', '0'),
(251, 'bbrrahhhhhwkwkkwkwk17xxxx', 17, 'WST-0048', '0'),
(252, 'bbrrahhhhhwkwkkwkwk16xxxx', 16, 'WST-0048', '0'),
(253, 'bbrrahhhhhwkwkkwkwk17xxxx', 17, 'WST-0048', '0'),
(254, 'bbrrahhhhhwkwkkwkwk18xxxx', 18, 'WST-0048', '0'),
(255, 'bbrrahhhhhwkwkkwkwk16xxxx', 16, 'WST-0048', '0'),
(256, 'bbrrahhhhhwkwkkwkwk17xxxx', 17, 'WST-0048', '0'),
(257, 'bbrrahhhhhwkwkkwkwk18xxxx', 18, 'WST-0048', '0'),
(258, 'bbrrahhhhhwkwkkwkwk19xxxx', 19, 'WST-0048', '0'),
(259, 'bbrrahhhhhwkwkkwkwk16xxxx', 16, 'WST-0048', '0'),
(260, 'bbrrahhhhhwkwkkwkwk17xxxx', 17, 'WST-0048', '0'),
(261, 'bbrrahhhhhwkwkkwkwk18xxxx', 18, 'WST-0048', '0'),
(262, 'bbrrahhhhhwkwkkwkwk19xxxx', 19, 'WST-0048', '0'),
(263, 'bbrrahhhhhwkwkkwkwk20xxxx', 20, 'WST-0048', '0'),
(264, '', 0, 'WST-0048', '1'),
(265, 'bbrrahhhhhwkwkkwkwk21xxxx', 21, 'WST-0048', '0'),
(266, 'bbrrahhhhhwkwkkwkwk223334444xxxx', 22, 'WST-0048', '0'),
(267, 'bbrrahhhhhwkwkkwkwk22333123124xxxx', 123123, 'WST-0048', '0'),
(268, 'bbrrahhhhhwkwkkwkwk22333123123123124xxxx', 33333, 'WST-0048', '0'),
(269, '', 0, 'WST-0048', '1'),
(270, '', 0, 'WST-0048', '1'),
(271, '', 0, 'WST-0048', '1'),
(272, 'wkwkkwk1xxxx', 0, 'WST-0048', '0'),
(273, 'asdsadsa1xxxx', 0, 'WST-0048', '0'),
(274, 'sadsadasdas1asdas111xxxxxxxx', 0, 'WST-0048', '0'),
(275, 'asdsadawdasdawdaw1asdas11xxxx', 0, 'WST-0048', '0'),
(276, 'asdsadsadasdasdasdas111asdasdsadaasxxxx', 0, 'WST-0048', '0'),
(277, 'asdsadsadasdasdasdas111asdasdsadaasxxxx', 0, 'WST-0048', '0'),
(278, '1xxxx', 0, 'WST-0048', '0'),
(279, '2xxxx', 0, 'WST-0048', '0'),
(280, '3xxxx', 0, 'WST-0048', '0'),
(281, '4xxxx', 0, 'WST-0048', '0'),
(282, '5xxxx', 0, 'WST-0048', '0'),
(283, '6xxxx', 0, 'WST-0048', '0'),
(284, 'asdsadasdasdsadsads', 312312, 'WST-0049', '0'),
(285, '', 0, 'WST-0049', '0'),
(286, '', 0, 'WST-0049', '0'),
(287, 'dasdsadasdxxxxxxx', 122, 'WST-0048', '0'),
(288, 'xxxx', 0, 'WST-0048', '0'),
(289, '', 0, 'WST-0048', '0'),
(290, '', 0, 'WST-0048', '0'),
(291, 'penginapan n0', 12, 'WST-0048', '0'),
(292, 'Unikom masterpiece 1', 1000000, 'WST-0050', '0'),
(293, 'Unikom masterpiece 2', 2000000, 'WST-0050', '0'),
(294, 'Unikom masterpiece 3', 3000000, 'WST-0050', '0'),
(295, 'Unikom masterpiece 4', 4000000, 'WST-0050', '0'),
(296, 'Unikom masterpiece 5', 5000000, 'WST-0050', '0'),
(297, 'Unikom masterpiece 6', 6000000, 'WST-0050', '0'),
(298, 'Unikom masterpiece 7', 7000000, 'WST-0050', '0'),
(299, 'Unikom masterpiece 8', 8000000, 'WST-0050', '0'),
(300, 'Unikom masterpiece 8', 8000000, 'WST-0050', '0'),
(301, 'Unikom masterpiece 9', 9000000, 'WST-0050', '0'),
(302, 'Unikom masterpiece 8', 8000000, 'WST-0050', '0'),
(303, 'Unikom masterpiece 9', 9000000, 'WST-0050', '0'),
(304, 'Unikom masterpiece 10', 10000000, 'WST-0050', '0'),
(305, 'tenggggggggggg', 1, 'WST-0051', '0'),
(306, 'tenggggggggggg1', 1, 'WST-0052', '0'),
(307, 'tenggggggggggg', 2, 'WST-0052', '0'),
(308, 'tenggggggggggg', 1, 'WST-0052', '0'),
(309, 'tenggggggggggg', 1, 'WST-0052', '0'),
(310, 'tenggggggggggg', 1, 'WST-0052', '0'),
(311, 'tenggggggggggg5', 5, 'WST-0052', '0'),
(312, '23123', 12321, 'WST-0053', '0'),
(313, 'jungle9090', 1, 'WST-0054', '0'),
(314, 'unik om', 1, 'WST-0055', '0'),
(315, 'unik om2', 2, 'WST-0055', '0'),
(316, 'unik om3', 3, 'WST-0055', '0'),
(317, 'unik om4', 4, 'WST-0055', '0'),
(318, 'unik om4', 4, 'WST-0055', '0'),
(319, 'unik om5', 5, 'WST-0055', '0'),
(320, 'unik om4', 4, 'WST-0055', '0'),
(321, 'unik om5', 5, 'WST-0055', '0'),
(322, 'unik om6', 6, 'WST-0055', '0'),
(323, 'Toilet', 20000, 'WST-0056', '0'),
(324, 'Masjid', 0, 'WST-0056', '0'),
(325, 'Mini market', 0, 'WST-0056', '0'),
(326, 'Cafe', 0, 'WST-0056', '0'),
(327, 'Taman', 0, 'WST-0056', '0'),
(328, 'Spot Foto', 0, 'WST-0056', '0'),
(329, 'Ruangan Harry Potters', 20000, 'WST-0057', '0'),
(330, 'Professor Dump', 0, 'WST-0057', '0'),
(331, 'Snape', 0, 'WST-0057', '0'),
(332, 'tenggggggg', 121, 'WST-0058', '0'),
(333, '', 0, 'WST-0059', '0'),
(334, 'xxxxxxxxx', 2312, 'WST-0060', '0'),
(335, 'xxxxx', 21321, 'WST-0060', '0'),
(336, 'acqsd212312', 312, 'WST-0060', '0'),
(337, 'booommm', 2312321, 'WST-0061', '0'),
(338, 'booommm123', 1213, 'WST-0061', '0'),
(339, 'booommm12312412', 1312, 'WST-0061', '0'),
(340, 'booommm12312412231231', 12412312, 'WST-0061', '0'),
(341, 'percobaan console error1', 1212, 'WST-0062', '0'),
(342, 'percobaan console error2', 122, 'WST-0062', '0'),
(343, 'percobaan console error3', 22333, 'WST-0062', '0'),
(344, 'hahlada', 312321, 'WST-0063', '0');

-- --------------------------------------------------------

--
-- Table structure for table `gambar`
--

CREATE TABLE `gambar` (
  `id_gambar` int(11) NOT NULL,
  `nama_gambar` varchar(255) DEFAULT NULL,
  `id_wisata` varchar(255) NOT NULL,
  `is_delete` enum('0','1') NOT NULL
) ENGINE=InnoDB DEFAULT CHARSET=latin1;

--
-- Dumping data for table `gambar`
--

INSERT INTO `gambar` (`id_gambar`, `nama_gambar`, `id_wisata`, `is_delete`) VALUES
(13, 'percobaan 10.', 'WST-0014', '0'),
(14, 'percobaan 11.jpg', 'WST-0015', '0'),
(15, 'percobaan 11.jpg', 'WST-0015', '0'),
(16, 'percobaan 12.jpg', 'WST-0016', '0'),
(17, 'percobaan 12.jpg', 'WST-0016', '0'),
(18, 'WST-0017119088881.jpg', 'WST-0017', '0'),
(19, 'WST-0017far_cry_5___joseph_seed_by_patrisb-dbhddbl1.jpg', 'WST-0017', '0'),
(20, 'WST-0017', 'WST-0017', '0'),
(21, 'WST-0018WST-001811908888.jpg', 'WST-0018', '0'),
(22, 'WST-0018WST-0018far_cry_5___joseph_seed_by_patrisb-dbhddbl.jpg', 'WST-0018', '0'),
(23, 'WST-0018', 'WST-0018', '0'),
(24, 'WST-0019.', 'WST-0019', '0'),
(25, 'WST-0019.', 'WST-0019', '0'),
(26, 'WST-0020.jpg', 'WST-0020', '0'),
(27, 'WST-0020.jpg', 'WST-0020', '0'),
(28, 'WST-00210', 'WST-0021', '0'),
(29, 'WST-00211', 'WST-0021', '0'),
(30, 'WST-00220', 'WST-0022', '0'),
(31, 'WST-00221', 'WST-0022', '0'),
(32, 'WST-00230', 'WST-0023', '0'),
(33, 'WST-00231', 'WST-0023', '0'),
(34, 'WST-00232', 'WST-0023', '0'),
(35, 'WST-00240', 'WST-0024', '0'),
(36, 'WST-00241', 'WST-0024', '0'),
(38, 'WST-00250', 'WST-0025', '0'),
(39, 'WST-00251', 'WST-0025', '0'),
(40, 'WST-00252', 'WST-0025', '0'),
(41, 'WST-00260', 'WST-0026', '0'),
(42, 'WST-00270', 'WST-0027', '0'),
(43, 'WST-00280.jpg', 'WST-0028', '0'),
(44, 'WST-00281.jpg', 'WST-0028', '0'),
(45, 'WST-00282.jpg', 'WST-0028', '0'),
(46, 'WST-00290.jpg', 'WST-0029', '0'),
(47, 'WST-00291.jpg', 'WST-0029', '0'),
(49, 'WST-00300.jpg', 'WST-0030', '0'),
(50, 'WST-00301.jpg', 'WST-0030', '0'),
(51, 'WST-00310.jpg', 'WST-0031', '0'),
(52, 'WST-00311.jpg', 'WST-0031', '0'),
(53, 'WST-00320.jpg', 'WST-0032', '0'),
(54, 'WST-00320.jpg', 'WST-0032', '0'),
(55, 'WST-00320.jpg', 'WST-0032', '0'),
(56, 'WST-00320.jpg', 'WST-0032', '0'),
(57, 'WST-00320.jpg', 'WST-0032', '0'),
(58, 'WST-00320.jpg', 'WST-0032', '0'),
(59, 'WST-00320.jpg', 'WST-0032', '0'),
(60, 'WST-00320.jpg', 'WST-0032', '0'),
(61, 'WST-00320.jpg', 'WST-0032', '0'),
(62, 'WST-00320.jpg', 'WST-0032', '0'),
(63, 'WST-00320.jpg', 'WST-0032', '0'),
(64, 'WST-00320.jpg', 'WST-0032', '0'),
(65, 'WST-00320.jpg', 'WST-0032', '0'),
(66, 'WST-00320.jpg', 'WST-0032', '0'),
(67, 'WST-00320.jpg', 'WST-0032', '0'),
(99, 'WST-00330.jpg', 'WST-0033', '0'),
(100, 'WST-00340.jpg', 'WST-0034', '0'),
(101, '', 'WST-0035', '0'),
(102, 'WST-00360.jpg', 'WST-0036', '0'),
(103, 'WST-00361.jpg', 'WST-0036', '0'),
(104, 'WST-00370.jpg', 'WST-0037', '0'),
(105, 'WST-00371.jpg', 'WST-0037', '0'),
(106, 'WST-00380.jpg', 'WST-0038', '0'),
(107, 'WST-00381.jpg', 'WST-0038', '0'),
(108, 'WST-00390.jpg', 'WST-0039', '0'),
(109, 'WST-00391.jpg', 'WST-0039', '0'),
(110, 'WST-00392.jpg', 'WST-0039', '0'),
(111, 'WST-00400.jpg', 'WST-0040', '0'),
(112, 'WST-00401.jpg', 'WST-0040', '0'),
(113, 'WST-00402.jpg', 'WST-0040', '0'),
(114, 'WST-00410.jpg', 'WST-0041', '0'),
(115, 'WST-00411.jpg', 'WST-0041', '0'),
(116, 'WST-00420.jpg', 'WST-0042', '0'),
(117, 'WST-00421.jpg', 'WST-0042', '0'),
(118, 'WST-00430.jpg', 'WST-0043', '0'),
(119, 'WST-00431.jpg', 'WST-0043', '0'),
(120, 'WST-00441.jpg', 'WST-0044', '0'),
(121, 'WST-00450.jpg', 'WST-0045', '0'),
(122, 'WST-00451.jpg', 'WST-0045', '0'),
(123, 'WST-00460.jpg', 'WST-0046', '0'),
(124, 'WST-00461.jpg', 'WST-0046', '0'),
(125, 'WST-00462.jpg', 'WST-0046', '0'),
(157, 'WST-00463.jpg', 'WST-0046', '0'),
(158, 'WST-00464.jpg', 'WST-0046', '0'),
(159, 'WST-00465.jpg', 'WST-0046', '0'),
(160, 'WST-00470.jpg', 'WST-0047', '1'),
(161, 'WST-00471.jpg', 'WST-0047', '1'),
(162, 'WST-00472.jpg', 'WST-0047', '1'),
(163, 'WST-00473.jpg', 'WST-0047', '1'),
(164, 'WST-00474.jpg', 'WST-0047', '1'),
(165, 'WST-00475.jpg', 'WST-0047', '1'),
(166, 'WST-00470.jpg', 'WST-0047', '0'),
(167, 'WST-00471.jpg', 'WST-0047', '0'),
(168, 'WST-00472.jpg', 'WST-0047', '0'),
(169, 'WST-00480.jpg', 'WST-0048', '0'),
(170, 'WST-00481.jpg', 'WST-0048', '0'),
(171, 'WST-00482.jpg', 'WST-0048', '0'),
(172, 'WST-00490.jpg', 'WST-0049', '0'),
(174, 'WST-00500.jpg', 'WST-0050', '0'),
(175, 'WST-00501.jpg', 'WST-0050', '0'),
(176, 'WST-00502.jpg', 'WST-0050', '0'),
(177, 'WST-00503.jpg', 'WST-0050', '0'),
(178, 'WST-00504.jpg', 'WST-0050', '0'),
(179, 'WST-00505.jpg', 'WST-0050', '0'),
(180, 'WST-00510.jpg', 'WST-0051', '0'),
(181, 'WST-00511.jpg', 'WST-0051', '0'),
(182, 'WST-00512.jpg', 'WST-0051', '0'),
(183, 'WST-00520.jpg', 'WST-0052', '0'),
(184, 'WST-00521.jpg', 'WST-0052', '0'),
(185, 'WST-00522.jpg', 'WST-0052', '0'),
(186, 'WST-00530.jpg', 'WST-0053', '0'),
(187, 'WST-00540.jpg', 'WST-0054', '0'),
(188, 'WST-00541.jpg', 'WST-0054', '0'),
(189, 'WST-00550.jpg', 'WST-0055', '0'),
(190, 'WST-00551.jpg', 'WST-0055', '0'),
(191, 'WST-00552.jpg', 'WST-0055', '0'),
(192, 'WST-00553.jpg', 'WST-0055', '0'),
(193, 'WST-00554.jpg', 'WST-0055', '0'),
(194, 'WST-00555.jpg', 'WST-0055', '0'),
(195, 'WST-00560.jpg', 'WST-0056', '0'),
(196, 'WST-00561.jpg', 'WST-0056', '0'),
(197, 'WST-00562.jpg', 'WST-0056', '0'),
(198, 'WST-00570.jpg', 'WST-0057', '0'),
(199, 'WST-00571.jpg', 'WST-0057', '0'),
(200, 'WST-00572.jpg', 'WST-0057', '0'),
(201, 'WST-00580.jpg', 'WST-0058', '0'),
(202, 'WST-00581.jpg', 'WST-0058', '0'),
(203, 'WST-00582.jpg', 'WST-0058', '0'),
(204, 'WST-00590.jpg', 'WST-0059', '0'),
(205, 'WST-00591.jpg', 'WST-0059', '0'),
(206, 'WST-00592.jpg', 'WST-0059', '0'),
(207, 'WST-00600.jpg', 'WST-0060', '0'),
(208, 'WST-00601.jpg', 'WST-0060', '0'),
(209, 'WST-00602.jpg', 'WST-0060', '0'),
(210, 'WST-00610.jpg', 'WST-0061', '0'),
(211, 'WST-00611.jpg', 'WST-0061', '0'),
(212, 'WST-00612.jpg', 'WST-0061', '1'),
(213, 'WST-00612.jpg', 'WST-0061', '0'),
(214, 'WST-00613.jpg', 'WST-0061', '0'),
(215, 'WST-00620.jpg', 'WST-0062', '0'),
(216, 'WST-00621.jpg', 'WST-0062', '0'),
(217, 'WST-00622.jpg', 'WST-0062', '0'),
(218, 'WST-00630.jpg', 'WST-0063', '0'),
(219, 'WST-00631.jpg', 'WST-0063', '0'),
(220, 'WST-00632.jpg', 'WST-0063', '0');

-- --------------------------------------------------------

--
-- Table structure for table `kecamatan`
--

CREATE TABLE `kecamatan` (
  `id_kec` int(11) NOT NULL,
  `id_kota` int(11) DEFAULT NULL,
  `nama_kec` varchar(100) NOT NULL,
  `is_delete` enum('0','1') NOT NULL DEFAULT '0'
) ENGINE=InnoDB DEFAULT CHARSET=latin1;

--
-- Dumping data for table `kecamatan`
--

INSERT INTO `kecamatan` (`id_kec`, `id_kota`, `nama_kec`, `is_delete`) VALUES
(1, 1, 'CIWIDEY', '0'),
(2, 1, 'RANCABALI', '0'),
(3, 1, 'PASIRJAMBU', '0'),
(4, 1, 'CIMAUNG', '0'),
(5, 1, 'PANGALENGAN', '0'),
(6, 1, 'KERTASARI', '0'),
(7, 1, 'PACET', '0'),
(8, 1, 'IBUN', '0'),
(9, 1, 'PASEH', '0'),
(10, 1, 'CIKANCUNG', '0'),
(11, 1, 'CICALENGKA', '0'),
(12, 1, 'NAGREG', '0'),
(13, 1, 'RANCAEKEK', '0'),
(14, 1, 'MAJALAYA', '0'),
(15, 1, 'SOLOKAN JERUK', '0'),
(16, 1, 'CIPARAY', '0'),
(17, 1, 'BALEENDAH', '0'),
(18, 1, 'ARJASARI', '0'),
(19, 1, 'BANJARAN', '0'),
(20, 1, 'CANGKUANG', '0'),
(21, 1, 'PAMEUNGPEUK', '0'),
(22, 1, 'KATAPANG', '0'),
(23, 1, 'SOREANG', '0'),
(24, 1, 'KUTAWARINGIN', '0'),
(25, 1, 'MARGAASIH', '0'),
(26, 1, 'MARGAHAYU', '0'),
(27, 1, 'DAYEUHKOLOT', '0'),
(28, 1, 'BOJONGSOANG', '0'),
(29, 1, 'CILEUNYI', '0'),
(30, 1, 'CILENGKRANG', '0'),
(31, 1, 'CIMENYAN', '0'),
(32, 2, 'RONGGA', '0'),
(33, 2, 'GUNUNGHALU', '0'),
(34, 2, 'SINDANGKERTA', '0'),
(35, 2, 'CILILIN', '0'),
(36, 2, 'CIHAMPELAS', '0'),
(37, 2, 'CIPONGKOR', '0'),
(38, 2, 'BATUJAJAR', '0'),
(39, 2, 'SAGULING', '0'),
(40, 2, 'CIPATAT', '0'),
(41, 2, 'PADALARANG', '0'),
(42, 2, 'NGAMPRAH', '0'),
(43, 2, 'PARONGPONG', '0'),
(44, 2, 'LEMBANG', '0'),
(45, 2, 'CISARUA', '0'),
(46, 2, 'CIKALONG WETAN', '0'),
(47, 2, 'CIPEUNDEUY', '0'),
(48, 3, 'BANDUNG KULON', '0'),
(49, 3, 'BABAKAN CIPARAY', '0'),
(50, 3, 'BOJONGLOA KALER', '0'),
(51, 3, 'BOJONGLOA KIDUL', '0'),
(52, 3, 'ASTANAANYAR', '0'),
(53, 3, 'REGOL', '0'),
(54, 3, 'LENGKONG', '0'),
(55, 3, 'BANDUNG KIDUL', '0'),
(56, 3, 'BUAHBATU', '0'),
(57, 3, 'RANCASARI', '0'),
(58, 3, 'GEDEBAGE', '0'),
(59, 3, 'CIBIRU', '0'),
(60, 3, 'PANYILEUKAN', '0'),
(61, 3, 'UJUNG BERUNG', '0'),
(62, 3, 'CINAMBO', '0'),
(63, 3, 'ARCAMANIK', '0'),
(64, 3, 'ANTAPANI', '0'),
(65, 3, 'MANDALAJATI', '0'),
(66, 3, 'KIARACONDONG', '0'),
(67, 3, 'BATUNUNGGAL', '0'),
(68, 3, 'SUMUR BANDUNG', '0'),
(69, 3, 'ANDIR', '0'),
(70, 3, 'CICENDO', '0'),
(71, 3, 'BANDUNG WETAN', '0'),
(72, 3, 'CIBEUNYING KIDUL', '0'),
(73, 3, 'CIBEUNYING KALER', '0'),
(74, 3, 'COBLONG', '0'),
(75, 3, 'SUKAJADI', '0'),
(76, 3, 'SUKASARI', '0'),
(77, 3, 'CIDADAP', '0'),
(78, 4, 'CIMAHI SELATAN', '0'),
(79, 4, 'CIMAHI TENGAH', '0'),
(80, 4, 'CIMAHI UTARA', '0'),
(110, 1, 'kuru bauxxx', '1'),
(111, 1, 'Ciracap', '0'),
(112, 2, 'Rusuh', '1'),
(113, 2, 'Rusuhxxyy', '1');

-- --------------------------------------------------------

--
-- Table structure for table `kelurahan`
--

CREATE TABLE `kelurahan` (
  `id_kel` int(11) NOT NULL,
  `id_kec` int(11) DEFAULT NULL,
  `nama_kel` varchar(100) DEFAULT NULL,
  `is_delete` enum('0','1') NOT NULL DEFAULT '0'
) ENGINE=InnoDB DEFAULT CHARSET=latin1;

--
-- Dumping data for table `kelurahan`
--

INSERT INTO `kelurahan` (`id_kel`, `id_kec`, `nama_kel`, `is_delete`) VALUES
(1, 1, 'PANUNDAAN', '0'),
(2, 1, 'CIWIDEY', '0'),
(3, 1, 'PANYOCOKAN', '0'),
(4, 1, 'LEBAKMUNCANG', '0'),
(5, 1, 'RAWABOGO', '0'),
(6, 1, 'NENGKELAN', '0'),
(7, 1, 'SUKAWENING', '0'),
(8, 2, 'CIPELAH', '0'),
(9, 2, 'SUKARESMI', '0'),
(10, 2, 'INDRAGIRI', '0'),
(11, 2, 'PATENGAN', '0'),
(12, 2, 'ALAMENDAH', '0'),
(13, 3, 'SUGIHMUKTI', '0'),
(14, 3, 'MARGAMULYA', '0'),
(15, 3, 'TENJOLAYA', '0'),
(16, 3, 'CISONDARI', '0'),
(17, 3, 'MEKARSARI', '0'),
(18, 3, 'CIBODAS', '0'),
(19, 3, 'CUKANGGENTENG', '0'),
(20, 3, 'PASIRJAMBU', '0'),
(21, 3, 'MEKARMAJU', '0'),
(22, 3, 'CIKONENG', '0'),
(23, 4, 'CIKALONG', '0'),
(24, 4, 'MEKARSARI', '0'),
(25, 4, 'CIPINANG', '0'),
(26, 4, 'CIMAUNG', '0'),
(27, 4, 'CAMPAKAMULYA', '0'),
(28, 4, 'PASIRHUNI', '0'),
(29, 4, 'JAGABAYA', '0'),
(30, 4, 'MALASARI', '0'),
(31, 4, 'SUKAMAJU', '0'),
(32, 4, 'WARJABAKTI', '0'),
(33, 5, 'WANASUKA', '0'),
(34, 5, 'BANJARSARI', '0'),
(35, 5, 'MARGALUYU', '0'),
(36, 5, 'SUKALUYU', '0'),
(37, 5, 'WARNASARI', '0'),
(38, 5, 'PULOSARI', '0'),
(39, 5, 'MARGAMEKAR', '0'),
(40, 5, 'SUKAMANAH', '0'),
(41, 5, 'MARGAMUKTI', '0'),
(42, 5, 'PANGALENGAN', '0'),
(43, 5, 'MARGAMULYA', '0'),
(44, 5, 'TRIBAKTIMULYA', '0'),
(45, 5, 'LAMAJANG', '0'),
(46, 6, 'NEGLAWANGI', '0'),
(47, 6, 'SANTOSA', '0'),
(48, 6, 'TARUMAJAYA', '0'),
(49, 6, 'CIKEMBANG', '0'),
(50, 6, 'CIBEUREUM', '0'),
(51, 6, 'CIHAWUK', '0'),
(52, 6, 'SUKAPURA', '0'),
(53, 6, 'RESMI TINGGA', '0'),
(54, 7, 'CIPUTRI', '0'),
(55, 7, 'CIHERANG', '0'),
(56, 7, 'CIPENDAWA', '0'),
(57, 7, 'CIBODAS', '0'),
(58, 7, 'GADOG', '0'),
(59, 7, 'SUKATANI', '0'),
(60, 7, 'SUKANAGALIH', '0'),
(61, 7, 'CIKITU', '0'),
(62, 7, 'GIRIMULYA', '0'),
(63, 7, 'SUKARAME', '0'),
(64, 7, 'CIKAWAO', '0'),
(65, 7, 'NAGRAK', '0'),
(66, 7, 'MANDALAHAJI', '0'),
(67, 7, 'MARUYUNG', '0'),
(68, 7, 'PANGAUBAN', '0'),
(69, 7, 'CINANGGELA', '0'),
(70, 7, 'MEKARJAYA', '0'),
(71, 7, 'MEKARSARI', '0'),
(72, 7, 'CIPEUJEUH', '0'),
(73, 7, 'TANJUNGWANGI', '0'),
(74, 7, 'KEMIRI', '0'),
(75, 7, 'SAJEN', '0'),
(76, 7, 'PACET', '0'),
(77, 7, 'PADUSAN', '0'),
(78, 7, 'CEPOKOLIMO', '0'),
(79, 7, 'CLAKET', '0'),
(80, 7, 'CEMBOR', '0'),
(81, 7, 'NOGOSARI', '0'),
(82, 7, 'KEMBANGBELOR', '0'),
(83, 7, 'MOJOKEMBANG', '0'),
(84, 7, 'BENDUNGANJATI', '0'),
(85, 7, 'PETAK', '0'),
(86, 7, 'KESIMANTENGAH', '0'),
(87, 7, 'WIYU', '0'),
(88, 7, 'CANDIWATU', '0'),
(89, 7, 'WARUGUNUNG', '0'),
(90, 7, 'TANJUNGKENONGO', '0'),
(91, 7, 'SUMBERKEMBAR', '0'),
(92, 7, 'KURIPANSARI', '0'),
(93, 7, 'PANDANARUM', '0'),
(94, 8, 'NEGLASARI', '0'),
(95, 8, 'IBUN', '0'),
(96, 8, 'LAKSANA', '0'),
(97, 8, 'MEKARWANGI', '0'),
(98, 8, 'SUDI', '0'),
(99, 8, 'CIBEET', '0'),
(100, 8, 'PANGGUH', '0'),
(101, 8, 'KARYALAKSANA', '0'),
(102, 8, 'LAMPEGAN', '0'),
(103, 8, 'TALUN', '0'),
(104, 8, 'TANGGULUN', '0'),
(105, 9, 'LOA', '0'),
(106, 9, 'DRAWATI', '0'),
(107, 9, 'CIPAKU', '0'),
(108, 9, 'SINDANGSARI', '0'),
(109, 9, 'SUKAMANTRI', '0'),
(110, 9, 'SUKAMANAH', '0'),
(111, 9, 'MEKARPAWITAN', '0'),
(112, 9, 'CIJAGRA', '0'),
(113, 9, 'TANGSIMEKAR', '0'),
(114, 9, 'CIPEDES', '0'),
(115, 9, 'KARANGTUNGGAL', '0'),
(116, 9, 'CIGENTUR', '0'),
(117, 9, 'LEGOK KALER', '0'),
(118, 9, 'LEGOK KIDUL', '0'),
(119, 9, 'PASEH KIDUL', '0'),
(120, 9, 'CIJAMBE', '0'),
(121, 9, 'PASIREUNGIT', '0'),
(122, 9, 'PADANAAN', '0'),
(123, 9, 'BONGKOK', '0'),
(124, 9, 'PASEH KALER', '0'),
(125, 9, 'HAURKUNING', '0'),
(126, 9, 'CITEPOK', '0'),
(127, 10, 'SRIRAHAYU', '0'),
(128, 10, 'CILULUK', '0'),
(129, 10, 'MEKARLAKSANA', '0'),
(130, 10, 'CIHANYIR', '0'),
(131, 10, 'CIKANCUNG', '0'),
(132, 10, 'MANDALASARI', '0'),
(133, 10, 'HEGARMANAH', '0'),
(134, 10, 'CIKASUNGKA', '0'),
(135, 10, 'TANJUNGLAYA', '0'),
(136, 11, 'NAGROG', '0'),
(137, 11, 'NARAWITA', '0'),
(138, 11, 'MARGAASIH', '0'),
(139, 11, 'CICALENGKA WETAN', '0'),
(140, 11, 'CIKUYA', '0'),
(141, 11, 'WALUYA', '0'),
(142, 11, 'PANENJOAN', '0'),
(143, 11, 'TENJOLAYA', '0'),
(144, 11, 'CICALENGKA KULON', '0'),
(145, 11, 'BABAKANPEUTEUY', '0'),
(146, 11, 'DAMPIT', '0'),
(147, 11, 'TANJUNGWANGI', '0'),
(148, 12, 'MANDALAWANGI', '0'),
(149, 12, 'BOJONG', '0'),
(150, 12, 'CIHERANG', '0'),
(151, 12, 'CIARO', '0'),
(152, 12, 'NAGREG', '0'),
(153, 12, 'CITAMAN', '0'),
(154, 12, 'NAGREG KENDAN', '0'),
(155, 12, 'GANJAR SABAR', '0'),
(156, 13, 'SUKAMANAH', '0'),
(157, 13, 'TEGALSUMEDANG', '0'),
(158, 13, 'RANCAEKEK KULON', '0'),
(159, 13, 'RANCAEKEK WETAN', '0'),
(160, 13, 'BOJONGLOA', '0'),
(161, 13, 'JELEGONG', '0'),
(162, 13, 'LINGGAR', '0'),
(163, 13, 'SUKAMULYA', '0'),
(164, 13, 'HAURPUGUR', '0'),
(165, 13, 'SANGIANG', '0'),
(166, 13, 'BOJONGSALAM', '0'),
(167, 13, 'CANGKUANG', '0'),
(168, 13, 'NANJUNGMEKAR', '0'),
(169, 13, 'RANCAEKEK KENCANA', '0'),
(170, 14, 'NEGLASARI', '0'),
(171, 14, 'WANGISAGARA', '0'),
(172, 14, 'PADAMULYA', '0'),
(173, 14, 'SUKAMUKTI', '0'),
(174, 14, 'PADAULUN', '0'),
(175, 14, 'BIRU', '0'),
(176, 14, 'SUKAMAJU', '0'),
(177, 14, 'MAJASETRA', '0'),
(178, 14, 'MAJALAYA', '0'),
(179, 14, 'MAJAKERTA', '0'),
(180, 14, 'BOJONG', '0'),
(181, 14, 'PASIRJENGKOL', '0'),
(182, 14, 'MAJALAYA', '0'),
(183, 14, 'CIRANGGON', '0'),
(184, 14, 'SARIJAYA', '0'),
(185, 14, 'LEMAHMULYA', '0'),
(186, 14, 'PASIRMULYA', '0'),
(187, 15, 'PANYADAP', '0'),
(188, 15, 'PADAMUKTI', '0'),
(189, 15, 'CIBODAS', '0'),
(190, 15, 'LANGENSARI', '0'),
(191, 15, 'SOLOKANJERUK', '0'),
(192, 15, 'RANCAKASUMBA', '0'),
(193, 15, 'BOJONGEMAS', '0'),
(194, 16, 'BABAKAN', '0'),
(195, 16, 'CIKONENG', '0'),
(196, 16, 'SIGARACIPTA', '0'),
(197, 16, 'PAKUTANDANG', '0'),
(198, 16, 'MANGGUNGHARJA', '0'),
(199, 16, 'MEKARSARI', '0'),
(200, 16, 'CIPARAY', '0'),
(201, 16, 'SUMBERSARI', '0'),
(202, 16, 'SARIMAHI', '0'),
(203, 16, 'SERANGMEKAR', '0'),
(204, 16, 'GUNUNGLEUTIK', '0'),
(205, 16, 'CIHEULANG', '0'),
(206, 16, 'MEKARLAKSANA', '0'),
(207, 16, 'BUMIWANGI', '0'),
(208, 17, 'JELEKONG', '0'),
(209, 17, 'MANGGAHANG', '0'),
(210, 17, 'BALEENDAH', '0'),
(211, 17, 'ANDIR', '0'),
(212, 17, 'MALAKASARI', '0'),
(213, 17, 'BOJONGMALAKA', '0'),
(214, 17, 'RANCAMANYAR', '0'),
(215, 17, 'WARGAMEKAR', '0'),
(216, 18, 'BATUKARUT', '0'),
(217, 18, 'MANGUNJAYA', '0'),
(218, 18, 'MEKARJAYA', '0'),
(219, 18, 'BAROS', '0'),
(220, 18, 'LEBAKWANGI', '0'),
(221, 18, 'WARGALUYU', '0'),
(222, 18, 'ARJASARI', '0'),
(223, 18, 'PINGGIRSARI', '0'),
(224, 18, 'PATROLSARI', '0'),
(225, 18, 'RANCAKOLE', '0'),
(226, 18, 'ANCOLMEKAR', '0'),
(227, 19, 'MEKARJAYA', '0'),
(228, 19, 'BANJARAN WETAN', '0'),
(229, 19, 'CIAPUS', '0'),
(230, 19, 'SINDANGPANON', '0'),
(231, 19, 'NEGLASARI', '0'),
(232, 19, 'MARGAHURIP', '0'),
(233, 19, 'KIANGROKE', '0'),
(234, 19, 'KAMASAN', '0'),
(235, 19, 'BANJARAN', '0'),
(236, 19, 'TARAJUSARI', '0'),
(237, 19, 'PASIRMULYA', '0'),
(238, 19, 'HEGARMANAH', '0'),
(239, 19, 'SINDANGPALA', '0'),
(240, 19, 'DARMALARANG', '0'),
(241, 19, 'SUNIABARU', '0'),
(242, 19, 'SANGIANG', '0'),
(243, 19, 'SUNIA', '0'),
(244, 19, 'KAREO', '0'),
(245, 19, 'BANJARAN', '0'),
(246, 19, 'KAGOK', '0'),
(247, 19, 'CIMEONG', '0'),
(248, 19, 'PANYINDANGAN', '0'),
(249, 19, 'GIRIMULYA', '0'),
(250, 20, 'JATISARI', '0'),
(251, 20, 'NAGRAK', '0'),
(252, 20, 'BANDASARI', '0'),
(253, 20, 'PANANJUNG', '0'),
(254, 20, 'CILUNCAT', '0'),
(255, 20, 'CANGKUANG', '0'),
(256, 20, 'TANJUNGSARI', '0'),
(257, 21, 'BOJONGMANGGU', '0'),
(258, 21, 'LANGONSARI', '0'),
(259, 21, 'SUKASARI', '0'),
(260, 21, 'RANCAMULYA', '0'),
(261, 21, 'RANCATUNGKU', '0'),
(262, 21, 'BOJONGKUNCI', '0'),
(263, 21, 'MANCAGAHAR', '0'),
(264, 21, 'PAMEUNGPEUK', '0'),
(265, 21, 'MANDALAKASIH', '0'),
(266, 21, 'SIRNABAKTI', '0'),
(267, 21, 'PAAS', '0'),
(268, 21, 'BOJONG', '0'),
(269, 21, 'JATIMULYA', '0'),
(270, 21, 'BOJONGKIDUL', '0'),
(271, 22, 'GANDASARI', '0'),
(272, 22, 'KATAPANG', '0'),
(273, 22, 'CILAMPENI', '0'),
(274, 22, 'PANGAUBAN', '0'),
(275, 22, 'BANYUSARI', '0'),
(276, 22, 'SANGKANHURIP', '0'),
(277, 22, 'SUKAMUKTI', '0'),
(278, 23, 'SADU', '0'),
(279, 23, 'SUKAJADI', '0'),
(280, 23, 'SUKANAGARA', '0'),
(281, 23, 'PANYIRAPAN', '0'),
(282, 23, 'KARAMATMULYA', '0'),
(283, 23, 'SOREANG', '0'),
(284, 23, 'PAMEKARAN', '0'),
(285, 23, 'PARUNGSERAB', '0'),
(286, 23, 'SEKARWANGI', '0'),
(287, 23, 'CINGCIN', '0'),
(288, 23, 'KAMPUNG PISANG', '0'),
(289, 23, 'LAKESSI', '0'),
(290, 23, 'UJUNG BARU', '0'),
(291, 23, 'UJUNG LARE', '0'),
(292, 23, 'BUKIT INDAH', '0'),
(293, 23, 'WATANG SOREANG', '0'),
(294, 23, 'BUKIT HARAPAN', '0'),
(295, 24, 'CILAME', '0'),
(296, 24, 'BUNINAGARA', '0'),
(297, 24, 'PADASUKA', '0'),
(298, 24, 'SUKAMULYA', '0'),
(299, 24, 'KUTAWARINGIN', '0'),
(300, 24, 'KOPO', '0'),
(301, 24, 'CIBODAS', '0'),
(302, 24, 'JATISARI', '0'),
(303, 24, 'JELEGONG', '0'),
(304, 24, 'GAJAHMEKAR', '0'),
(305, 24, 'PAMEUNTASAN', '0'),
(306, 25, 'NANJUNG', '0'),
(307, 25, 'MEKAR RAHAYU', '0'),
(308, 25, 'RAHAYU', '0'),
(309, 25, 'CIGONDEWAH HILIR', '0'),
(310, 25, 'MARGAASIH', '0'),
(311, 25, 'LAGADAR', '0'),
(312, 26, 'SULAEMAN', '0'),
(313, 26, 'SUKAMENAK', '0'),
(314, 26, 'SAYATI', '0'),
(315, 26, 'MARGAHAYU SELATAN', '0'),
(316, 26, 'MARGAHAYU TENGAH', '0'),
(317, 27, 'CANGKUANG KULON', '0'),
(318, 27, 'CANGKUANG WETAN', '0'),
(319, 27, 'PASAWAHAN', '0'),
(320, 27, 'DAYEUHKOLOT', '0'),
(321, 27, 'CITEUREUP', '0'),
(322, 27, 'SUKAPURA', '0'),
(323, 28, 'BOJONGSARI', '0'),
(324, 28, 'BOJONGSOANG', '0'),
(325, 28, 'LENGKONG', '0'),
(326, 28, 'CIPAGALO', '0'),
(327, 28, 'BUAHBATU', '0'),
(328, 28, 'TEGALLUAR', '0'),
(329, 29, 'CIBIRU HILIR', '0'),
(330, 29, 'CINUNUK', '0'),
(331, 29, 'CIMEKAR', '0'),
(332, 29, 'CILEUNYI KULON', '0'),
(333, 29, 'CILEUNYI WETAN', '0'),
(334, 29, 'CIBIRU WETAN', '0'),
(335, 30, 'GIRIMEKAR', '0'),
(336, 30, 'JATIENDAH', '0'),
(337, 30, 'MELATIWANGI', '0'),
(338, 30, 'CIPANJALU', '0'),
(339, 30, 'CIPOREAT', '0'),
(340, 30, 'CILENGKRANG', '0'),
(341, 31, 'CIBEUNYING', '0'),
(342, 31, 'PADASUKA', '0'),
(343, 31, 'MANDALAMEKAR', '0'),
(344, 31, 'CIKADUT', '0'),
(345, 31, 'SINDANGLAYA', '0'),
(346, 31, 'MEKARMANIK', '0'),
(347, 31, 'CIMENYAN', '0'),
(348, 31, 'MEKARSALUYU', '0'),
(349, 31, 'CIBURIAL', '0'),
(350, 32, 'CICADAS', '0'),
(351, 32, 'CIBEDUG', '0'),
(352, 32, 'SUKAMANAH', '0'),
(353, 32, 'BOJONG', '0'),
(354, 32, 'BOJONGSALAM', '0'),
(355, 32, 'CINENGAH', '0'),
(356, 32, 'SUKARESMI', '0'),
(357, 32, 'CIBITUNG', '0'),
(358, 33, 'CILANGARI', '0'),
(359, 33, 'SINDANGJAYA', '0'),
(360, 33, 'BUNIJAYA', '0'),
(361, 33, 'SIRNAJAYA', '0'),
(362, 33, 'GUNUNGHALU', '0'),
(363, 33, 'CELAK', '0'),
(364, 33, 'WARGASALUYU', '0'),
(365, 33, 'SUKASARI', '0'),
(366, 33, 'TAMANJAYA', '0'),
(367, 34, 'MEKARWANGI', '0'),
(368, 34, 'WENINGGALIH', '0'),
(369, 34, 'WANGUNSARI', '0'),
(370, 34, 'BUNINAGARA', '0'),
(371, 34, 'CIKADU', '0'),
(372, 34, 'RANCA SENGGANG', '0'),
(373, 34, 'CINTAKARYA', '0'),
(374, 34, 'CICANGKANG GIRANG', '0'),
(375, 34, 'PUNCAKSARI', '0'),
(376, 34, 'PASIRPOGOR', '0'),
(377, 34, 'SINDANGKERTA', '0'),
(378, 35, 'KARYAMUKTI', '0'),
(379, 35, 'NANGGERANG', '0'),
(380, 35, 'MUKAPAYUNG', '0'),
(381, 35, 'RANCAPANGGUNG', '0'),
(382, 35, 'BONGAS', '0'),
(383, 35, 'BATULAYANG', '0'),
(384, 35, 'CILILIN', '0'),
(385, 35, 'KARANGTANJUNG', '0'),
(386, 35, 'KIDANGPANANJUNG', '0'),
(387, 35, 'BUDIHARJA', '0'),
(388, 35, 'KARANGANYAR', '0'),
(389, 36, 'SINGAJAYA', '0'),
(390, 36, 'TANJUNGWANGI', '0'),
(391, 36, 'SITUWANGI', '0'),
(392, 36, 'PATARUMAN', '0'),
(393, 36, 'CIPATIK', '0'),
(394, 36, 'CITAPEN', '0'),
(395, 36, 'CIHAMPELAS', '0'),
(396, 36, 'MEKARMUKTI', '0'),
(397, 36, 'TANJUNGJAYA', '0'),
(398, 36, 'MEKARJAYA', '0'),
(399, 37, 'CINTAASIH', '0'),
(400, 37, 'KARANGSARI', '0'),
(401, 37, 'NEGLASARI', '0'),
(402, 37, 'GIRIMUKTI', '0'),
(403, 37, 'CIJENUK', '0'),
(404, 37, 'CICANGKANG HILIR', '0'),
(405, 37, 'SUKAMULYA', '0'),
(406, 37, 'CITALEM', '0'),
(407, 37, 'MEKARSARI', '0'),
(408, 37, 'SARINAGEN', '0'),
(409, 37, 'CIBENDA', '0'),
(410, 37, 'CIJAMBU', '0'),
(411, 37, 'SIRNAGALIH', '0'),
(412, 37, 'BARANANGSIANG', '0'),
(413, 38, 'SELACAU', '0'),
(414, 38, 'BATUJAJAR BARAT', '0'),
(415, 38, 'BATUJAJAR TIMUR', '0'),
(416, 38, 'GIRIASIH', '0'),
(417, 38, 'GALANGGANG', '0'),
(418, 38, 'PANGAUBAN', '0'),
(419, 38, 'CANGKORAH', '0'),
(420, 39, 'BOJONGHALEUANG', '0'),
(421, 39, 'CIKANDE', '0'),
(422, 39, 'GIRIMUKTI', '0'),
(423, 39, 'CIPANGERAN', '0'),
(424, 39, 'JATI', '0'),
(425, 39, 'SAGULING', '0'),
(426, 40, 'RAJAMANDALA KULON', '0'),
(427, 40, 'CIPTAHARJA', '0'),
(428, 40, 'CIPATAT', '0'),
(429, 40, 'CITATAH', '0'),
(430, 40, 'GUNUNGMASIGIT', '0'),
(431, 40, 'CIRAWAMEKAR', '0'),
(432, 40, 'NYALINDUNG', '0'),
(433, 40, 'SUMURBANDUNG', '0'),
(434, 40, 'KERTAMUKTI', '0'),
(435, 40, 'SARIMUKTI', '0'),
(436, 40, 'MANDALASARI', '0'),
(437, 40, 'MANDALAWANGI', '0'),
(438, 41, 'LAKSANAMEKAR', '0'),
(439, 41, 'CIMERANG', '0'),
(440, 41, 'CIPEUNDEUY', '0'),
(441, 41, 'KERTAJAYA', '0'),
(442, 41, 'JAYAMEKAR', '0'),
(443, 41, 'PADALARANG', '0'),
(444, 41, 'KERTAMULYA', '0'),
(445, 41, 'CIBURUY', '0'),
(446, 41, 'TAGOGAPU', '0'),
(447, 41, 'CEMPAKAMEKAR', '0'),
(448, 42, 'CIMAREME', '0'),
(449, 42, 'GADOBANGKONG', '0'),
(450, 42, 'TANIMULYA', '0'),
(451, 42, 'PAKUHAJI', '0'),
(452, 42, 'CILAME', '0'),
(453, 42, 'MARGAJAYA', '0'),
(454, 42, 'MEKARSARI', '0'),
(455, 42, 'NGAMPRAH', '0'),
(456, 42, 'SUKATANI', '0'),
(457, 42, 'CIMANGGU', '0'),
(458, 42, 'BOJONGKONENG', '0'),
(459, 43, 'CIWARUGA', '0'),
(460, 43, 'CIHIDEUNG', '0'),
(461, 43, 'CIGUGUR GIRANG', '0'),
(462, 43, 'SARIWANGI', '0'),
(463, 43, 'CIHANJUANG', '0'),
(464, 43, 'CIHANJUANG RAHAYU', '0'),
(465, 43, 'KARYAWANGI', '0'),
(466, 44, 'GUDANGKAHURIPAN', '0'),
(467, 44, 'WANGUNSARI', '0'),
(468, 44, 'PAGERWANGI', '0'),
(469, 44, 'MEKARWANGI', '0'),
(470, 44, 'LANGENSARI', '0'),
(471, 44, 'KAYUAMBON', '0'),
(472, 44, 'LEMBANG', '0'),
(473, 44, 'CIKAHURIPAN', '0'),
(474, 44, 'SUKAJAYA', '0'),
(475, 44, 'JAYAGIRI', '0'),
(476, 44, 'CIBOGO', '0'),
(477, 44, 'CIKOLE', '0'),
(478, 44, 'CIKIDANG', '0'),
(479, 44, 'WANGUNHARJA', '0'),
(480, 44, 'CIBODAS', '0'),
(481, 44, 'SUNTENJAYA', '0'),
(482, 44, 'BINANGA KARAENG', '0'),
(483, 44, 'SABBANG PARU', '0'),
(484, 44, 'TADOKKONG', '0'),
(485, 44, 'PAKENG', '0'),
(486, 44, 'RAJANG', '0'),
(487, 44, 'LETTA', '0'),
(488, 44, 'KARIANGO', '0'),
(489, 44, 'ULUSADDANG', '0'),
(490, 44, 'BENTENG PAREMBA', '0'),
(491, 44, 'SALI SALI', '0'),
(492, 44, 'SUPPIRANG', '0'),
(493, 44, 'LEMBANG MESAKADA', '0'),
(494, 44, 'BASSEANG', '0'),
(495, 44, 'PANGAPARANG', '0'),
(496, 44, 'BAKARU', '0'),
(497, 45, 'CITEKO', '0'),
(498, 45, 'CIBEUREUM', '0'),
(499, 45, 'TUGU SELATAN', '0'),
(500, 45, 'TUGU UTARA', '0'),
(501, 45, 'BATU LAYANG', '0'),
(502, 45, 'CISARUA', '0'),
(503, 45, 'KOPO', '0'),
(504, 45, 'LEUWIMALANG', '0'),
(505, 45, 'JOGJOGAN', '0'),
(506, 45, 'CILEMBER', '0'),
(507, 45, 'CISALAK', '0'),
(508, 45, 'KEBONKALAPA', '0'),
(509, 45, 'CISARUA', '0'),
(510, 45, 'BANTARMARA', '0'),
(511, 45, 'CIUYAH', '0'),
(512, 45, 'CIMARA', '0'),
(513, 45, 'CIPANDANWANGI', '0'),
(514, 45, 'PASIRHALANG', '0'),
(515, 45, 'JAMBUDIPA', '0'),
(516, 45, 'PADAASIH', '0'),
(517, 45, 'KERTAWANGI', '0'),
(518, 45, 'TUGUMUKTI', '0'),
(519, 45, 'PASIRLANGU', '0'),
(520, 45, 'CIPADA', '0'),
(521, 45, 'SADANGMEKAR', '0'),
(522, 46, 'KANANGASARI', '0'),
(523, 46, 'MANDALASARI', '0'),
(524, 46, 'MEKARJAYA', '0'),
(525, 46, 'CIPADA', '0'),
(526, 46, 'GANJARSARI', '0'),
(527, 46, 'MANDALAMUKTI', '0'),
(528, 46, 'CIPTAGUMATI', '0'),
(529, 46, 'CIKALONG', '0'),
(530, 46, 'PUTERAN', '0'),
(531, 46, 'TENJOLAUT', '0'),
(532, 46, 'CISOMANG BARAT', '0'),
(533, 46, 'WANGUNJAYA', '0'),
(534, 47, 'CIMAYASARI', '0'),
(535, 47, 'LENGKONG', '0'),
(536, 47, 'CIPEUNDEUY', '0'),
(537, 47, 'WANTILAN', '0'),
(538, 47, 'SAWANGAN', '0'),
(539, 47, 'KARANGMUKTI', '0'),
(540, 47, 'KOSAR', '0'),
(541, 47, 'MARGALUYU', '0'),
(542, 47, 'NANGGELENG', '0'),
(543, 47, 'SIRNARAJA', '0'),
(544, 47, 'JATIMEKAR', '0'),
(545, 47, 'BOJONGMEKAR', '0'),
(546, 47, 'NYENANG', '0'),
(547, 47, 'CIPEUNDEUY', '0'),
(548, 47, 'MARGALAKSANA', '0'),
(549, 47, 'SUKAHAJI', '0'),
(550, 47, 'CIHARASHAS', '0'),
(551, 47, 'SIRNAGALIH', '0'),
(552, 47, 'CIROYOM', '0'),
(553, 48, 'GEMPOL SARI', '0'),
(554, 48, 'CIGONDEWAH KALER', '0'),
(555, 48, 'CIGONDEWAH KIDUL', '0'),
(556, 48, 'CIGONDEWAH RAHAYU', '0'),
(557, 48, 'CARINGIN', '0'),
(558, 48, 'WARUNG MUNCANG', '0'),
(559, 48, 'CIBUNTU', '0'),
(560, 48, 'CIJERAH', '0'),
(561, 49, 'MARGASUKA', '0'),
(562, 49, 'CIRANGRANG', '0'),
(563, 49, 'MARGAHAYU UTARA', '0'),
(564, 49, 'BABAKAN CIPARAY', '0'),
(565, 49, 'BABAKAN', '0'),
(566, 49, 'SUKAHAJI', '0'),
(567, 50, 'KOPO', '0'),
(568, 50, 'SUKA ASIH', '0'),
(569, 50, 'BABAKAN ASIH', '0'),
(570, 50, 'BABAKAN TAROGONG', '0'),
(571, 50, 'JAMIKA', '0'),
(572, 51, 'CIBADUYUT KIDUL', '0'),
(573, 51, 'CIBADUYUT WETAN', '0'),
(574, 51, 'MEKAR WANGI', '0'),
(575, 51, 'CIBADUYUT', '0'),
(576, 51, 'KEBON LEGA', '0'),
(577, 51, 'SITUSAEUR', '0'),
(578, 52, 'KARASAK', '0'),
(579, 52, 'PELINDUNG HEWAN', '0'),
(580, 52, 'PANJUNAN', '0'),
(581, 52, 'CIBADAK', '0'),
(582, 52, 'KARANG ANYAR', '0'),
(583, 53, 'CISEUREUH', '0'),
(584, 53, 'PASIRLUYU', '0'),
(585, 53, 'ANCOL', '0'),
(586, 53, 'CIGERELENG', '0'),
(587, 53, 'CIATEUL', '0'),
(588, 53, 'BALONG GEDE', '0'),
(589, 54, 'LANGKAPJAYA', '0'),
(590, 54, 'CILANGKAP', '0'),
(591, 54, 'LENGKONG', '0'),
(592, 54, 'TEGALLEGA', '0'),
(593, 54, 'NEGLASARI', '0'),
(594, 54, 'CIJAGRA', '0'),
(595, 54, 'TURANGGA', '0'),
(596, 54, 'LINGKAR SELATAN', '0'),
(597, 54, 'MALABAR', '0'),
(598, 54, 'BURANGRANG', '0'),
(599, 54, 'CIKAWAO', '0'),
(600, 54, 'PALEDANG', '0'),
(601, 54, 'BANJAR DOWO', '0'),
(602, 54, 'JATI PUNGGUR', '0'),
(603, 54, 'LENGKONG', '0'),
(604, 54, 'KEDUNG MLATEN', '0'),
(605, 54, 'PRAYUNGAN', '0'),
(606, 54, 'BALONG ASEM', '0'),
(607, 54, 'SAWAHAN', '0'),
(608, 54, 'NGRINGIN', '0'),
(609, 54, 'KETANDAN', '0'),
(610, 54, 'BANGGLE', '0'),
(611, 54, 'SUMBERSONO', '0'),
(612, 54, 'PINGGIR', '0'),
(613, 54, 'SUMBERMIRI', '0'),
(614, 55, 'WATES', '0'),
(615, 55, 'BATUNUNGGAL', '0'),
(616, 55, 'KUJANGSARI', '0'),
(617, 56, 'CIJAURA', '0'),
(618, 56, 'MARGASARI', '0'),
(619, 56, 'SEKEJATI', '0'),
(620, 56, 'JATI SARI', '0'),
(621, 57, 'DERWATI', '0'),
(622, 57, 'CIPAMOKOLAN', '0'),
(623, 57, 'MANJAHLEGA', '0'),
(624, 57, 'MEKARJAYA', '0'),
(625, 58, 'RANCABOLANG', '0'),
(626, 58, 'RANCANUMPANG', '0'),
(627, 58, 'CISARANTEN KIDUL', '0'),
(628, 58, 'CIMINCRANG', '0'),
(629, 59, 'PASIR BIRU', '0'),
(630, 59, 'CIPADUNG', '0'),
(631, 59, 'PALASARI', '0'),
(632, 59, 'CISURUPAN', '0'),
(633, 60, 'MEKAR MULYA', '0'),
(634, 60, 'CIPADUNG KIDUL', '0'),
(635, 60, 'CIPADUNG WETAN', '0'),
(636, 60, 'CIPADUNG KULON', '0'),
(637, 61, 'PASANGGRAHAN', '0'),
(638, 61, 'PASIRJATI', '0'),
(639, 61, 'PASIR WANGI', '0'),
(640, 61, 'CIGENDING', '0'),
(641, 61, 'PASIR ENDAH', '0'),
(642, 62, 'CISARANTEN WETAN', '0'),
(643, 62, 'BABAKAN PENGHULU', '0'),
(644, 62, 'PAKEMITAN', '0'),
(645, 62, 'SUKAMULYA', '0'),
(646, 63, 'CISARANTEN KULON', '0'),
(647, 63, 'CISARANTEN BINA HARAPAN', '0'),
(648, 63, 'SUKAMISKIN', '0'),
(649, 63, 'CISARANTEN ENDAH', '0'),
(650, 64, 'ANTAPANI KIDUL', '0'),
(651, 64, 'ANTAPANI TENGAH', '0'),
(652, 64, 'ANTAPANI WETAN', '0'),
(653, 64, 'ANTAPANI KULON', '0'),
(654, 65, 'JATIHANDAP', '0'),
(655, 65, 'KARANG PAMULANG', '0'),
(656, 65, 'SINDANG JAYA', '0'),
(657, 65, 'PASIR IMPUN', '0'),
(658, 66, 'KEBON KANGKUNG', '0'),
(659, 66, 'SUKAPURA', '0'),
(660, 66, 'KEBUN JAYANTI', '0'),
(661, 66, 'BABAKAN SARI', '0'),
(662, 66, 'BABAKAN SURABAYA', '0'),
(663, 66, 'CICAHEUM', '0'),
(664, 67, 'BINONG', '0'),
(665, 67, 'KEBON GEDANG', '0'),
(666, 67, 'MALEER', '0'),
(667, 67, 'CIBANGKONG', '0'),
(668, 67, 'SAMOJA', '0'),
(669, 67, 'KACAPIRING', '0'),
(670, 67, 'KEBON WARU', '0'),
(671, 68, 'BRAGA', '0'),
(672, 68, 'KEBON PISANG', '0'),
(673, 68, 'MERDEKA', '0'),
(674, 68, 'BABAKAN CIAMIS', '0'),
(675, 69, 'CAMPAKA', '0'),
(676, 69, 'MALEBER', '0'),
(677, 69, 'GARUDA', '0'),
(678, 69, 'DUNGUS CARIANG', '0'),
(679, 69, 'CIROYOM', '0'),
(680, 69, 'KEBON JERUK', '0'),
(681, 70, 'ARJUNA', '0'),
(682, 70, 'PASIRKALIKI', '0'),
(683, 70, 'PAMOYANAN', '0'),
(684, 70, 'PAJAJARAN', '0'),
(685, 70, 'HUSEN SASTRANEGARA', '0'),
(686, 71, 'SUKARAJA', '0'),
(687, 71, 'TAMAN SARI', '0'),
(688, 71, 'CITARUM', '0'),
(689, 71, 'CIHAPIT', '0'),
(690, 72, 'SUKAMAJU', '0'),
(691, 72, 'CICADAS', '0'),
(692, 72, 'CIKUTRA', '0'),
(693, 72, 'PADASUKA', '0'),
(694, 72, 'PASIRLAYUNG', '0'),
(695, 72, 'SUKAPADA', '0'),
(696, 73, 'CIHAURGEULIS', '0'),
(697, 73, 'SUKALUYU', '0'),
(698, 73, 'NEGLASARI', '0'),
(699, 73, 'CIGADUNG', '0'),
(700, 74, 'CIPAGANTI', '0'),
(701, 74, 'LEBAK SILIWANGI', '0'),
(702, 74, 'LEBAK GEDE', '0'),
(703, 74, 'SADANG SERANG', '0'),
(704, 74, 'SEKELOA', '0'),
(705, 74, 'DAGO', '0'),
(706, 75, 'JADIREJO', '0'),
(707, 75, 'KAMPUNG TENGAH', '0'),
(708, 75, 'KAMPUNG MELAYU', '0'),
(709, 75, 'KEDUNGSARI', '0'),
(710, 75, 'HARJOSARI', '0'),
(711, 75, 'SUKAJADI', '0'),
(712, 75, 'PULAU KARAM', '0'),
(713, 75, 'SUKAWARNA', '0'),
(714, 75, 'SUKAGALIH', '0'),
(715, 75, 'SUKABUNGAH', '0'),
(716, 75, 'CIPEDES', '0'),
(717, 75, 'PASTEUR', '0'),
(718, 76, 'SUKARAPIH', '0'),
(719, 76, 'SUKASARI', '0'),
(720, 76, 'MEKARSARI', '0'),
(721, 76, 'SINDANGSARI', '0'),
(722, 76, 'NANGGERANG', '0'),
(723, 76, 'BANYURESMI', '0'),
(724, 76, 'MANDALAWANGI', '0'),
(725, 76, 'CURUGREJA', '0'),
(726, 76, 'BATANGSARI', '0'),
(727, 76, 'SUKASARI', '0'),
(728, 76, 'SUKAREJA', '0'),
(729, 76, 'ANGGASARI', '0'),
(730, 76, 'SUKAMAJU', '0'),
(731, 76, 'PARUNGBANTENG', '0'),
(732, 76, 'SUKASARI', '0'),
(733, 76, 'CIRIRIP', '0'),
(734, 76, 'KERTAMANAH', '0'),
(735, 76, 'KUTAMANAH', '0'),
(736, 76, 'SARIJADI', '0'),
(737, 76, 'SUKARASA', '0'),
(738, 76, 'GEGERKALONG', '0'),
(739, 76, 'ISOLA', '0'),
(740, 77, 'HEGARMULYA', '0'),
(741, 77, 'CIDADAP', '0'),
(742, 77, 'PADASENANG', '0'),
(743, 77, 'BANJARSARI', '0'),
(744, 77, 'TENJOLAUT', '0'),
(745, 77, 'MEKARTANI', '0'),
(746, 77, 'HEGARMANAH', '0'),
(747, 77, 'CIUMBULEUIT', '0'),
(748, 78, 'MELONG', '0'),
(749, 78, 'CIBEUREUM', '0'),
(750, 78, 'UTAMA', '0'),
(751, 78, 'LEUWIGAJAH', '0'),
(752, 78, 'CIBEBER', '0'),
(753, 79, 'BAROS', '0'),
(754, 79, 'CIGUGUR TENGAH', '0'),
(755, 79, 'KARANGMEKAR', '0'),
(756, 79, 'SETIAMANAH', '0'),
(757, 79, 'PADASUKA', '0'),
(758, 79, 'CIMAHI', '0'),
(759, 80, 'PASIRKALIKI', '0'),
(760, 80, 'CIBABAT', '0'),
(761, 80, 'CITEUREUP', '0'),
(762, 80, 'CIPAGERAN', '0'),
(764, 32, 'wwwwww', '0');

-- --------------------------------------------------------

--
-- Table structure for table `kota`
--

CREATE TABLE `kota` (
  `id_kota` int(11) NOT NULL,
  `nama_kota` varchar(100) DEFAULT NULL,
  `NIP` varchar(13) DEFAULT NULL,
  `is_delete` enum('0','1') NOT NULL DEFAULT '0'
) ENGINE=InnoDB DEFAULT CHARSET=latin1;

--
-- Dumping data for table `kota`
--

INSERT INTO `kota` (`id_kota`, `nama_kota`, `NIP`, `is_delete`) VALUES
(1, 'KABUPATEN BANDUNG', '10116270', '0'),
(2, 'KABUPATEN BANDUNG BARAT', '10116271', '0'),
(3, 'KOTA BANDUNG', '10116272', '0'),
(4, 'KOTA CIMAHI', '10116273', '0'),
(5, 'kota cuuuuuuuuxxx', '10116271', '1');

-- --------------------------------------------------------

--
-- Table structure for table `pemilik`
--

CREATE TABLE `pemilik` (
  `NIK` varchar(18) NOT NULL,
  `nama_pemilik` varchar(100) NOT NULL,
  `tmp_lahir` varchar(100) NOT NULL,
  `tgl_lahir` date NOT NULL,
  `jk_pemilik` enum('L','P') NOT NULL,
  `alamat_pemilik` text NOT NULL,
  `password` varchar(100) NOT NULL,
  `email_pemilik` varchar(100) DEFAULT NULL,
  `notelp_pemilik` varchar(13) NOT NULL,
  `file_ktp` varchar(100) NOT NULL,
  `is_Reg` enum('0','1') NOT NULL DEFAULT '0',
  `reg_time` datetime NOT NULL,
  `is_active` enum('1','0') NOT NULL DEFAULT '0',
  `activation_by` varchar(18) NOT NULL,
  `is_delete` enum('0','1') NOT NULL DEFAULT '0'
) ENGINE=InnoDB DEFAULT CHARSET=latin1;

--
-- Dumping data for table `pemilik`
--

INSERT INTO `pemilik` (`NIK`, `nama_pemilik`, `tmp_lahir`, `tgl_lahir`, `jk_pemilik`, `alamat_pemilik`, `password`, `email_pemilik`, `notelp_pemilik`, `file_ktp`, `is_Reg`, `reg_time`, `is_active`, `activation_by`, `is_delete`) VALUES
('10116257', 'Muhammad Helmi Hibatullah', 'Bogor', '1998-07-07', 'L', 'Bogor', '08f04d3f787f94b5b5db3130961e398f74f503ea', 'lazer.helmi@gmail.com', '081214857395', '10116257.jpg', '1', '2018-07-11 23:43:46', '1', '10116270', '0'),
('109381903812903', '109381903812903', '109381903812903', '2014-12-31', 'L', '109381903812903', '1e51773c559fabe47a1a7f8fd98f05c2941303d5', 'lazer.helmi@gmail.id', '1093819038129', '109381903812903.jpg', '1', '2018-07-11 23:18:12', '1', '10101', '0'),
('1111111111', '1111111111', '1111111111', '2018-12-31', 'L', '1111111111', 'e8248cbe79a288ffec75d7300ad2e07172f487f6', 'lazer.helmi@gmail.id', '1111111111', '1111111111.sql', '1', '2018-07-11 23:18:12', '0', '10116270', '0'),
('11908888', 'bosquee', 'jonggol', '2014-11-29', 'L', 'jonggol', '11908888', 'lazer.helmi@gmail.id', '0812186034769', '11908888.jpg', '1', '2018-07-11 23:18:12', '0', '10101', '0'),
('123456789', 'Helmi', 'Bogor', '1998-12-12', 'L', 'Bogor', 'f7c3bc1d808e04732adf679965ccc34ca7ae3441', 'lazer.helmi@gmail.id', '081214857395', '123456789.jpg', '1', '2018-07-11 23:18:12', '1', '10116270', '0'),
('12421412412', '12421412412', '12421412412', '2014-12-31', 'L', '12421412412', 'b16fbeb4dea1394025be4fe217227aef9b58d89b', 'lazer.helmi@gmail.id', '12421412412', '12421412412.sql', '1', '2018-07-11 23:18:12', '0', '10116270', '0'),
('147212441289', '147212441289', '147212441289', '2015-10-31', 'L', '147212441289', 'f8a25d77969fc14bbd44e7172c0ea8ea555102f4', 'lazer.helmi@gmail.id', '147212441289', '147212441289.jpg', '1', '2018-07-11 23:18:12', '0', '10116270', '0'),
('1717171717777', '1717171717777', '1717171717777', '2015-12-31', 'L', '1717171717777', 'fcecc9b64b45f6cbc4d4b3daf83c44c7f903fd16', 'lazer.helmi@gmail.id', '1717171717777', '1717171717777.jpg', '1', '2018-07-11 23:18:12', '0', '10116270', '0'),
('2222222222', '2222222222', '2222222222', '2015-12-31', 'L', '2222222222', '8f4228d4a7dabf0a716a8e42017c4c226af7a27f', 'lazer.helmi@gmail.id', '2222222222', '2222222222.jpg', '0', '2018-07-11 23:18:12', '0', '10116270', '0'),
('222288888', '88888888', '88888888', '2013-12-31', 'L', '88888888', '22817c657c4a1cfefd2704a7482f543928de3cde', 'lazer.helmi@gmail.id', '88888888', '222288888.jpg', '1', '2018-07-11 23:18:12', '0', '10116270', '0'),
('3901212839', 'ucuuupppp', 'Bandung', '1992-07-30', 'L', 'Bandung', 'aff8141614397d3f2c158bf408e852eaeb2ad1aa', 'lazer.helmi@gmail.com', '081214857395', '3901212839.jpg', '1', '2018-07-16 23:33:24', '0', '', '0'),
('423423423', '423423423', '423423423', '2014-12-31', 'L', '423423423', '7d9d1c27c4a41ced787fc3d1924d5c8223186205', 'lazer.helmi@gmail.id', '423423423', '423423423.jpg', '0', '2018-07-11 23:18:12', '0', '10116270', '0'),
('789567', '789567', 'poledang', '2015-10-31', 'L', '789567', '789567', 'lazer.helmi@gmail.id', '789567', '789567.jpg', '1', '2018-07-11 23:18:12', '1', '10116270', '0'),
('801923890122', '801923890122', '801923890122', '2014-12-31', 'L', '801923890122', '6ef0034729aa632569c1205f67121f026ece9444', 'lazer.helmi@gmail.id', '801923890122', '801923890122.jpg', '1', '2018-07-11 23:18:12', '1', '10116270', '0'),
('888717171718888', '888717171718888', '888717171718888', '2016-10-31', 'L', '888717171718888', '350574d478417ddc2b5efea55732a447b61cf19d', 'lazer.helmi@gmail.id', '8887171717188', '888717171718888.jpg', '0', '2018-07-11 23:18:12', '0', '10116270', '0'),
('88888888', '88888888', '88888888', '2013-12-31', 'L', '88888888', '05b530ad0fb56286fe051d5f8be5b8453f1cd93f', 'lazer.helmi@gmail.id', '88888888', '88888888.jpg', '0', '2018-07-11 23:18:12', '0', '10116270', '0'),
('9092757667', '9092757667', '9092757667', '2015-12-31', 'P', '9092757667', '095ee894133a195ef9793715940ad8a2a595a9d0', 'lazer.helmi@gmail.id', '9092757667', '9092757667.jpg', '0', '2018-07-11 23:18:12', '', '10116270', '0'),
('93583908', 'ary', 'jampang', '2018-07-19', 'L', 'bandung', 'ccacf13349dd1ad9eb0d2a7010c726630b37e735', 'lazer.helmi@gmail.id', '085586262622', '93583908.jpg', '1', '2018-07-11 23:18:12', '', '10116270', '0');

-- --------------------------------------------------------

--
-- Table structure for table `wisata`
--

CREATE TABLE `wisata` (
  `id_wisata` varchar(255) NOT NULL,
  `nama_wisata` varchar(100) DEFAULT NULL,
  `deskripsi` text NOT NULL,
  `reg_time` datetime NOT NULL,
  `id_kota` int(11) NOT NULL,
  `id_kec` int(11) NOT NULL,
  `id_kel` int(11) DEFAULT NULL,
  `lat` float(10,6) DEFAULT NULL,
  `lng` float(10,6) DEFAULT NULL,
  `alamat_wisata` text,
  `tiket_dewasa` int(11) DEFAULT NULL,
  `tiket_anak` int(11) DEFAULT NULL,
  `NIK` varchar(18) NOT NULL,
  `is_delete` enum('0','1') NOT NULL DEFAULT '0'
) ENGINE=InnoDB DEFAULT CHARSET=latin1;

--
-- Dumping data for table `wisata`
--

INSERT INTO `wisata` (`id_wisata`, `nama_wisata`, `deskripsi`, `reg_time`, `id_kota`, `id_kec`, `id_kel`, `lat`, `lng`, `alamat_wisata`, `tiket_dewasa`, `tiket_anak`, `NIK`, `is_delete`) VALUES
('WST-0001', 'Tirta Karehkel', 'ini desripsi cuuuuuuuuuuuu', '2018-06-02 17:32:14', 1, 17, 226, 107.609505, 107.615311, 'bandung', 10000, 10000, '11908888', '0'),
('WST-0002', 'Tirta endah1', 'ini desripsi cuuuuuuuuuuuu', '2018-07-13 17:32:14', 1, 18, 12, 100.000000, 200.000000, 'aseeekkkk', 10, 20, '789567', '0'),
('WST-0003', 'jungle', 'ini desripsi cuuuuuuuuuuuu', '2018-07-13 17:32:14', 1, 18, 226, 107.609505, 107.615311, 'bandung', 10000, 10000, '789567', '0'),
('WST-0004', 'kick ass', 'ini desripsi cuuuuuuuuuuuu', '2018-07-13 17:32:14', 1, 18, 211, 107.609505, 107.615311, 'bandung', 10000, 10000, '123456789', '0'),
('WST-0005', 'percobaan 1', 'ini desripsi cuuuuuuuuuuuu', '2018-07-13 17:32:14', 1, 18, 12, 10000.000000, 10000.000000, 'percobaan 1', 10, 10, '123456789', '0'),
('WST-0006', 'percobaan 2', 'ini desripsi cuuuuuuuuuuuu', '2018-07-13 17:32:14', 1, 19, 222, 10000.000000, 10000.000000, 'percobaan 2', 1000, 1000000, '123456789', '0'),
('WST-0007', 'percobaan 3', 'ini desripsi cuuuuuuuuuuuu', '2018-07-13 17:32:14', 1, 18, 12, 3.000000, 3.000000, 'percobaan 3', 31, 32, '123456789', '0'),
('WST-0008', 'percobaan 4', 'ini desripsi cuuuuuuuuuuuu', '2018-07-13 17:32:14', 1, 18, 12, 4.000000, 4.000000, 'percobaan 4', 4, 4, '123456789', '0'),
('WST-0009', 'percobaan 5', 'ini desripsi cuuuuuuuuuuuu', '2018-07-13 17:32:14', 1, 18, 12, 5.000000, 5.000000, 'percobaan 5', 5, 5, '123456789', '0'),
('WST-0010', '1111djasjdklasjd', 'ini desripsi cuuuuuuuuuuuu', '2018-07-13 17:32:14', 1, 18, 12, 1.000000, 1.000000, '1', 1, 1, '123456789', '0'),
('WST-0011', 'percobaan 7', 'ini desripsi cuuuuuuuuuuuu', '2018-07-13 17:32:14', 1, 18, 12, 7.000000, 7.000000, 'percobaan 7', 7, 7, '123456789', '0'),
('WST-0012', 'percobaan 8', 'ini desripsi cuuuuuuuuuuuu', '2018-07-13 17:32:14', 1, 18, 12, 8.000000, 8.000000, 'percobaan 7', 8, 8, '123456789', '0'),
('WST-0013', 'percobaan 9', 'ini desripsi cuuuuuuuuuuuu', '2018-07-13 17:32:14', 1, 18, 12, 9.000000, 9.000000, 'percobaan 9', 9, 9, '123456789', '0'),
('WST-0014', 'percobaan 10', 'ini desripsi cuuuuuuuuuuuu', '2018-07-13 17:32:14', 1, 18, 12, 10.000000, 10.000000, 'percobaan 10', 10, 1, '123456789', '0'),
('WST-0015', 'percobaan 11', 'ini desripsi cuuuuuuuuuuuu', '2018-07-13 17:32:14', 1, 18, 12, 11.000000, 11.000000, 'percobaan 11', 11, 11, '123456789', '0'),
('WST-0016', 'percobaan 12', 'ini desripsi cuuuuuuuuuuuu', '2018-07-13 17:32:14', 1, 18, 12, 12.000000, 12.000000, 'percobaan 12', 12, 12, '123456789', '0'),
('WST-0017', 'percobaan 13', 'ini desripsi cuuuuuuuuuuuu', '2018-07-13 17:32:14', 1, 18, 12, 13.000000, 13.000000, 'percobaan 13', 14, 13, '123456789', '0'),
('WST-0018', 'percobaan 14', 'ini desripsi cuuuuuuuuuuuu', '2018-07-13 17:32:14', 1, 18, 12, 14.000000, 14.000000, 'percobaan 14', 14, 14, '123456789', '0'),
('WST-0019', 'percobaan 19', 'ini desripsi cuuuuuuuuuuuu', '2018-07-13 17:32:14', 1, 18, 12, 19.000000, 19.000000, 'percobaan 19', 19, 19, '123456789', '0'),
('WST-0020', 'percobaan 20', 'ini desripsi cuuuuuuuuuuuu', '2018-07-13 17:32:14', 1, 18, 12, 20.000000, 20.000000, 'percobaan 20', 20, 2, '123456789', '0'),
('WST-0021', 'percobaan 21', 'ini desripsi cuuuuuuuuuuuu', '2018-07-13 17:32:14', 1, 18, 12, 21.000000, 21.000000, 'percobaan 21', 21, 21, '123456789', '0'),
('WST-0022', 'percobaan 22', 'ini desripsi cuuuuuuuuuuuu', '2018-07-13 17:32:14', 1, 18, 12, 22.000000, 22.000000, 'percobaan 22', 22, 22, '123456789', '0'),
('WST-0023', 'percobaan 23', 'ini desripsi cuuuuuuuuuuuu', '2018-07-13 17:32:14', 1, 18, 12, 23.000000, 23.000000, 'percobaan 23', 23, 23, '123456789', '0'),
('WST-0024', 'percobaan 24', 'ini desripsi cuuuuuuuuuuuu', '2018-07-13 17:32:14', 1, 18, 12, 24.000000, 24.000000, 'percobaan 24', 24, 24, '123456789', '0'),
('WST-0025', 'percobaan 25', 'ini desripsi cuuuuuuuuuuuu', '2018-07-13 17:32:14', 1, 18, 12, 25.000000, 25.000000, 'percobaan 25', 25, 25, '123456789', '0'),
('WST-0026', 'valdiasi 1', 'ini desripsi cuuuuuuuuuuuu', '2018-07-13 17:32:14', 1, 18, 12, 1.000000, 1.000000, 'valdiasi 1', 1, 1, '123456789', '0'),
('WST-0027', 'valdiasi 2', 'ini desripsi cuuuuuuuuuuuu', '2018-07-13 17:32:14', 1, 18, 12, 2.000000, 2.000000, 'valdiasi 2', 2, 2, '123456789', '0'),
('WST-0028', 'unikom', 'ini desripsi cuuuuuuuuuuuu', '2018-07-13 17:32:14', 3, 74, 702, -6.886863, 107.615311, 'unikom', 10000, 10000, '123456789', '0'),
('WST-0029', 'validas1', 'ini desripsi cuuuuuuuuuuuu', '2018-07-13 17:32:14', 4, 69, 12, -6.886863, 107.615311, 'unikom', 1, 1, '123456789', '0'),
('WST-0030', 'validas2', 'ini desripsi cuuuuuuuuuuuu', '2018-07-13 17:32:14', 4, 69, 12, -6.886863, 107.615311, 'unikom', 2, 2, '123456789', '0'),
('WST-0031', 'tiiiiiittt tenggg', 'ini desripsi cuuuuuuuuuuuu', '2018-07-13 17:32:14', 4, 69, 12, -6.886863, 107.615311, 'unikom', 10, 1111, '123456789', '0'),
('WST-0032', 'jdaslkdaskd', 'ini desripsi cuuuuuuuuuuuu', '2018-07-13 17:32:14', 4, 69, 585, -6.886863, 107.615311, 'unikom', 1, 1, '123456789', '0'),
('WST-0033', 'Jaguarrrrr', 'ini desripsi cuuuuuuuuuuuu', '2018-07-13 17:32:14', 4, 69, 12, -6.886863, 107.615311, 'unikom', 101, 10, '123456789', '0'),
('WST-0034', 'yantoooo', 'ini desripsi cuuuuuuuuuuuu', '2018-07-13 17:32:14', 4, 69, 12, -6.886863, 107.615311, 'unikom', 111111, 111111, '123456789', '0'),
('WST-0035', 'yantooooo1111', 'ini desripsi cuuuuuuuuuuuu', '2018-07-13 17:32:14', 4, 69, 12, -6.886863, 107.615311, 'unikom', 10101, 101010, '123456789', '0'),
('WST-0036', 'DALSKDNASLD', 'ini desripsi cuuuuuuuuuuuu', '2018-07-13 17:32:14', 4, 69, 12, -6.886863, 107.615311, 'unikom', 10, 10, '123456789', '0'),
('WST-0037', 'rusuhhh', 'ini desripsi cuuuuuuuuuuuu', '2018-07-13 17:32:14', 4, 69, 12, -6.886863, 107.615311, 'unikom', 10, 10, '123456789', '0'),
('WST-0038', 'yantooo21314', 'ini desripsi cuuuuuuuuuuuu', '2018-07-13 17:32:14', 4, 69, 12, -6.886863, 107.615311, 'unikom', 41, 2412, '123456789', '0'),
('WST-0039', 'monkey', 'ini desripsi cuuuuuuuuuuuu', '2018-07-13 17:32:14', 4, 69, 12, -6.886863, 107.615311, 'unikom', 10, 10, '123456789', '0'),
('WST-0040', 'fakmdasd', 'ini desripsi cuuuuuuuuuuuu', '2018-07-13 17:32:14', 4, 69, 12, -6.886863, 107.615311, 'unikom', 1, 1, '123456789', '0'),
('WST-0041', 'daslkdnasdas', 'ini desripsi cuuuuuuuuuuuu', '2018-07-13 17:32:14', 4, 69, 12, -6.886863, 107.615311, 'unikom', 2312, 21312, '123456789', '0'),
('WST-0042', 'uahdasdlkasna', 'ini desripsi cuuuuuuuuuuuu', '2018-07-13 17:32:14', 4, 69, 12, -6.886863, 107.615311, 'unikom', 123, 12490, '123456789', '0'),
('WST-0043', 'jasjdlkajsdklas', 'ini desripsi cuuuuuuuuuuuu', '2018-07-13 17:32:14', 4, 69, 12, -6.886863, 107.615311, 'unikom', 1231, 12312, '123456789', '0'),
('WST-0044', 'opopopop', 'ini desripsi cuuuuuuuuuuuu', '2018-07-13 17:32:14', 4, 69, 12, -6.886863, 107.615311, 'unikom', 23123, 321312, '123456789', '0'),
('WST-0045', 'basdat kau', 'ini desripsi cuuuuuuuuuuuu', '2018-07-13 17:32:14', 4, 69, 12, -6.886863, 107.615311, 'unikom', 2312312, 2147483647, '123456789', '0'),
('WST-0046', 'percobaaaaa', 'ini desripsi cuuuuuuuuuuuu', '2018-07-13 17:32:14', 4, 69, 12, -6.886863, 107.615311, 'unikom', 12, 21321, '123456789', '0'),
('WST-0047', 'unikom gedung baru', 'ini desripsi cuuuuuuuuuuuu', '2018-07-13 17:32:14', 4, 69, 12, -6.886863, 107.615311, 'unikom', 100000, 200000, '123456789', '0'),
('WST-0048', 'bbrrahhhhhwkwkkwkwk', 'ini desripsi cuuuuuuuuuuuu', '2018-07-13 17:32:14', 4, 69, 12, -6.886863, 107.615311, 'unikom', 12039, 12371290, '123456789', '0'),
('WST-0049', 'percobaan console 14', 'ini desripsi cuuuuuuuuuuuu', '2018-07-13 17:32:14', 4, 69, 12, -6.886863, 107.615311, 'unikom', 1, 1, '11908888', '0'),
('WST-0050', 'Unikom masterpiece', 'ini desripsi cuuuuuuuuuuuu', '2018-07-13 17:32:14', 3, 74, 704, -6.886863, 107.615311, 'unikom', 1000000, 2000000, '123456789', '0'),
('WST-0051', 'tenggggggggggg', 'ini desripsi cuuuuuuuuuuuu', '2018-07-13 17:32:14', 4, 69, 12, -6.886863, 107.615311, 'unikom', 10, 19, '123456789', '0'),
('WST-0052', 'tenggggggggggg 2', 'ini desripsi cuuuuuuuuuuuu', '2018-07-13 17:32:14', 4, 69, 12, -6.886863, 107.615311, 'unikom', 1000000, 10000, '123456789', '0'),
('WST-0053', 'allelele', 'ini desripsi cuuuuuuuuuuuu', '2018-07-13 17:32:14', 1, 1, 1, -6.886863, 107.615311, 'unikom', 9201920, 29102910, '10116270', '0'),
('WST-0054', 'jungle9090', 'ini desripsi cuuuuuuuuuuuu', '2018-07-13 17:32:14', 1, 18, 226, -6.886863, 107.615311, 'unikom', 10, 10, '123456789', '0'),
('WST-0055', 'unik om plus', 'ini desripsi cuuuuuuuuuuuu', '2018-07-13 17:32:14', 1, 18, 226, -6.886863, 107.615311, 'unikom', 20, 20, '123456789', '0'),
('WST-0056', 'Ranca Bali Forest', 'ini desripsi cuuuuuuuuuuuu', '2018-07-13 17:32:14', 1, 18, 226, -6.938305, 107.547554, 'margaasih', 20000, 10000, '10116257', '0'),
('WST-0058', 'tenggggggg', 'tenggggggg cuuuuuuuuuuuuuuuuuuuuuu', '2018-07-13 17:44:51', 1, 18, 226, -6.928625, 107.734016, 'cileunyi', 20, 20, '10116257', '0'),
('WST-0059', 'bandung', 'bandung', '2018-07-13 23:13:44', 2, 38, 414, -6.917464, 107.619125, 'bandung', 10, 10, '10116257', '1'),
('WST-0060', 'batu', 'MCSE boot camps have its supporters and its detractors. SomeSomeSome people do not understand whyyou should have to spend money on boot camp ou can get the MCSE study materials yourself at a fraction.understand why you should have to spend money on boot camp ou can get the MCSE study materials yourself at a fraction.understand why you should have to spend money on boot camp ou can get the MCSE study materials yourself at a fraction.', '2018-07-13 23:15:56', 1, 18, 226, -6.886863, 107.615311, 'bandung bandung bandung bandung bandung bandung bandung bandung bandung bandung bandung bandung bandung bandung bandung bandung bandung bandung bandung bandung bandung bandung bandung bandung bandung bandung bandung bandung bandung bandung bandung bandung bandung bandung bandung bandung bandung bandung bandung bandung bandung bandung bandung bandung bandung bandung bandung bandung bandung bandung bandung bandung bandung bandung ', 200, 2000, '10116257', '0'),
('WST-0061', 'booommmxxx', 'booommmxxxxx', '2018-07-13 23:20:10', 2, 38, 414, -6.878482, 107.426285, 'batujajar', 12312312, 2147483647, '123456789', '0'),
('WST-0062', 'percobaan console error', 'percobaan console error', '2018-07-14 02:34:15', 4, 78, 752, -6.902507, 107.537666, 'smk negri 1 cimahi', 2000000, 2147483647, '10116257', '0'),
('WST-0063', 'the Primal', 'ufuuweeeeeuuffuuuweee', '2018-07-16 09:55:33', 1, 18, 226, -6.886863, 107.615311, 'unikom', 20000, 15000, '10116257', '0');

--
-- Indexes for dumped tables
--

--
-- Indexes for table `admin`
--
ALTER TABLE `admin`
  ADD PRIMARY KEY (`NIP`);

--
-- Indexes for table `fasilitas`
--
ALTER TABLE `fasilitas`
  ADD PRIMARY KEY (`id_fasilitas`);

--
-- Indexes for table `gambar`
--
ALTER TABLE `gambar`
  ADD PRIMARY KEY (`id_gambar`);

--
-- Indexes for table `kecamatan`
--
ALTER TABLE `kecamatan`
  ADD PRIMARY KEY (`id_kec`),
  ADD KEY `id_kota` (`id_kota`);

--
-- Indexes for table `kelurahan`
--
ALTER TABLE `kelurahan`
  ADD PRIMARY KEY (`id_kel`),
  ADD KEY `id_kec` (`id_kec`);

--
-- Indexes for table `kota`
--
ALTER TABLE `kota`
  ADD PRIMARY KEY (`id_kota`),
  ADD KEY `NIP` (`NIP`);

--
-- Indexes for table `pemilik`
--
ALTER TABLE `pemilik`
  ADD PRIMARY KEY (`NIK`);

--
-- Indexes for table `wisata`
--
ALTER TABLE `wisata`
  ADD PRIMARY KEY (`id_wisata`);

--
-- AUTO_INCREMENT for dumped tables
--

--
-- AUTO_INCREMENT for table `fasilitas`
--
ALTER TABLE `fasilitas`
  MODIFY `id_fasilitas` int(11) NOT NULL AUTO_INCREMENT, AUTO_INCREMENT=345;

--
-- AUTO_INCREMENT for table `gambar`
--
ALTER TABLE `gambar`
  MODIFY `id_gambar` int(11) NOT NULL AUTO_INCREMENT, AUTO_INCREMENT=221;

--
-- AUTO_INCREMENT for table `kecamatan`
--
ALTER TABLE `kecamatan`
  MODIFY `id_kec` int(11) NOT NULL AUTO_INCREMENT, AUTO_INCREMENT=114;

--
-- AUTO_INCREMENT for table `kelurahan`
--
ALTER TABLE `kelurahan`
  MODIFY `id_kel` int(11) NOT NULL AUTO_INCREMENT, AUTO_INCREMENT=765;

--
-- AUTO_INCREMENT for table `kota`
--
ALTER TABLE `kota`
  MODIFY `id_kota` int(11) NOT NULL AUTO_INCREMENT, AUTO_INCREMENT=6;

--
-- Constraints for dumped tables
--

--
-- Constraints for table `kecamatan`
--
ALTER TABLE `kecamatan`
  ADD CONSTRAINT `kecamatan_ibfk_1` FOREIGN KEY (`id_kota`) REFERENCES `kota` (`id_kota`);

--
-- Constraints for table `kelurahan`
--
ALTER TABLE `kelurahan`
  ADD CONSTRAINT `kelurahan_ibfk_1` FOREIGN KEY (`id_kec`) REFERENCES `kecamatan` (`id_kec`);

--
-- Constraints for table `kota`
--
ALTER TABLE `kota`
  ADD CONSTRAINT `kota_ibfk_1` FOREIGN KEY (`NIP`) REFERENCES `admin` (`NIP`);
COMMIT;

/*!40101 SET CHARACTER_SET_CLIENT=@OLD_CHARACTER_SET_CLIENT */;
/*!40101 SET CHARACTER_SET_RESULTS=@OLD_CHARACTER_SET_RESULTS */;
/*!40101 SET COLLATION_CONNECTION=@OLD_COLLATION_CONNECTION */;
